Prefixo,Data e Hora,Série,SAM,Versão,EOD,RecVer,HotVer,LineVer,BD Ver,Device,WhoComm,Operadora,Tempo(seg.),Erro,Unnamed: 15
37511,2025-04-09 04:21:35,67722.0,0.0,91.11,169.0,286.0,23.0,271.0,00.00.00.00,LOCAL,Val,Nenhuma,16.0,(0000): Comunicação Ok.,
37511,2025-04-09 03:51:02,67722.0,0.0,91.11,169.0,286.0,23.0,271.0,00.00.00.00,LOCAL,Val,Nenhuma,17.0,(0000): Comunicação Ok.,
37511,2025-04-09 03:20:29,67722.0,0.0,91.11,169.0,286.0,23.0,271.0,00.00.00.00,LOCAL,Val,Nenhuma,17.0,(0000): Comunicação Ok.,
37511,2025-04-09 02:48:55,67722.0,0.0,91.11,169.0,286.0,23.0,271.0,00.00.00.00,LOCAL,Val,Nenhuma,16.0,(0000): Comunicação Ok.,
37511,2025-04-09 02:19:01,67722.0,0.0,91.11,169.0,286.0,23.0,271.0,00.00.00.00,LOCAL,Val,Nenhuma,16.0,(0000): Comunicação Ok.,
37511,2025-04-09 01:47:39,67722.0,0.0,91.11,169.0,286.0,23.0,271.0,00.00.00.00,LOCAL,Val,Nenhuma,17.0,(0000): Comunicação Ok.,
37511,2025-04-09 01:17:07,67722.0,0.0,91.11,169.0,286.0,23.0,271.0,00.00.00.00,LOCAL,Val,Nenhuma,17.0,(0000): Comunicação Ok.,
37511,2025-04-09 00:47:39,67722.0,0.0,91.11,169.0,286.0,23.0,271.0,00.00.00.00,LOCAL,Val,Nenhuma,17.0,(0000): Comunicação Ok.,
37511,2025-04-09 00:17:43,67722.0,0.0,91.11,169.0,286.0,23.0,271.0,00.00.00.00,LOCAL,Val,Nenhuma,17.0,(0000): Comunicação Ok.,
37511,2025-04-08 23:46:31,67722.0,0.0,91.11,169.0,286.0,23.0,271.0,00.00.00.00,LOCAL,Val,Nenhuma,17.0,(0000): Comunicação Ok.,
37511,2025-04-08 23:16:35,67722.0,0.0,91.11,169.0,286.0,23.0,271.0,00.00.00.00,LOCAL,Val,Nenhuma,18.0,(0000): Comunicação Ok.,
37511,2025-04-08 22:46:00,67722.0,0.0,91.11,169.0,286.0,23.0,271.0,00.00.00.00,LOCAL,Val,Nenhuma,18.0,(0000): Comunicação Ok.,
37511,2025-04-08 22:15:13,67722.0,0.0,91.11,169.0,286.0,23.0,271.0,00.00.00.00,LOCAL,Val,Nenhuma,17.0,(0000): Comunicação Ok.,
37511,2025-04-08 21:45:17,67722.0,0.0,91.11,169.0,286.0,23.0,271.0,00.00.00.00,LOCAL,Val,Nenhuma,18.0,(0000): Comunicação Ok.,
37511,2025-04-08 21:14:09,67722.0,0.0,91.11,169.0,286.0,23.0,271.0,00.00.00.00,LOCAL,Val,Nenhuma,17.0,(0000): Comunicação Ok.,
37511,2025-04-08 20:43:05,67722.0,0.0,91.11,169.0,286.0,23.0,271.0,00.00.00.00,LOCAL,Val,Nenhuma,17.0,(0000): Comunicação Ok.,
37511,2025-04-08 20:12:48,67722.0,0.0,91.11,169.0,286.0,23.0,271.0,00.00.00.00,LOCAL,Val,Nenhuma,16.0,(0000): Comunicação Ok.,
37511,2025-04-08 19:42:54,67722.0,0.0,91.11,169.0,286.0,23.0,271.0,00.00.00.00,LOCAL,Val,Nenhuma,17.0,(0000): Comunicação Ok.,
37511,2025-04-08 15:38:58,67722.0,0.0,91.11,169.0,286.0,23.0,271.0,00.00.00.00,LOCAL,Val,Nenhuma,17.0,(0000): Comunicação Ok.,
37511,2025-04-08 15:08:24,67722.0,0.0,91.11,169.0,286.0,23.0,271.0,00.00.00.00,LOCAL,Val,Nenhuma,16.0,(0000): Comunicação Ok.,
37511,2025-04-08 14:38:05,67722.0,0.0,91.11,169.0,286.0,23.0,271.0,00.00.00.00,LOCAL,Val,Nenhuma,16.0,(0000): Comunicação Ok.,
37511,2025-04-08 14:08:10,67722.0,0.0,91.11,169.0,286.0,23.0,271.0,00.00.00.00,LOCAL,Val,Nenhuma,16.0,(0000): Comunicação Ok.,
37511,2025-04-08 13:38:15,67722.0,0.0,91.11,169.0,286.0,23.0,271.0,00.00.00.00,LOCAL,Val,Nenhuma,16.0,(0000): Comunicação Ok.,
37511,2025-04-08 13:07:42,67722.0,0.0,91.11,169.0,286.0,23.0,271.0,00.00.00.00,LOCAL,Val,Nenhuma,16.0,(0000): Comunicação Ok.,
37511,2025-04-08 12:36:20,67722.0,0.0,91.11,169.0,286.0,23.0,271.0,00.00.00.00,LOCAL,Val,Nenhuma,16.0,(0000): Comunicação Ok.,
37511,2025-04-08 12:07:01,67722.0,0.0,91.11,169.0,286.0,23.0,271.0,00.00.00.00,LOCAL,Val,Nenhuma,17.0,(0000): Comunicação Ok.,
37511,2025-04-08 11:35:38,67722.0,0.0,91.11,169.0,286.0,23.0,271.0,00.00.00.00,LOCAL,Val,Nenhuma,16.0,(0000): Comunicação Ok.,
37511,2025-04-08 11:05:43,67722.0,0.0,91.11,169.0,286.0,23.0,271.0,00.00.00.00,LOCAL,Val,Nenhuma,16.0,(0000): Comunicação Ok.,
37511,2025-04-08 10:35:37,67722.0,0.0,91.11,169.0,286.0,23.0,271.0,00.00.00.00,LOCAL,Val,Nenhuma,18.0,(0000): Comunicação Ok.,
37511,2025-04-08 04:49:17,67722.0,0.0,91.11,169.0,286.0,23.0,271.0,00.00.00.00,LOCAL,Val,Nenhuma,17.0,(0000): Comunicação Ok.,
37511,2025-04-08 04:17:54,67722.0,0.0,91.11,169.0,286.0,23.0,271.0,00.00.00.00,LOCAL,Val,Nenhuma,17.0,(0000): Comunicação Ok.,
37511,2025-04-08 03:48:47,67722.0,0.0,91.11,169.0,286.0,23.0,271.0,00.00.00.00,LOCAL,Val,Nenhuma,17.0,(0000): Comunicação Ok.,
37511,2025-04-08 03:18:14,67722.0,0.0,91.11,169.0,286.0,23.0,271.0,00.00.00.00,LOCAL,Val,Nenhuma,16.0,(0000): Comunicação Ok.,
37511,2025-04-08 02:47:41,67722.0,0.0,91.11,169.0,286.0,23.0,271.0,00.00.00.00,LOCAL,Val,Nenhuma,17.0,(0000): Comunicação Ok.,
37511,2025-04-08 02:17:32,67722.0,0.0,91.11,169.0,286.0,23.0,271.0,00.00.00.00,LOCAL,Val,Nenhuma,16.0,(0000): Comunicação Ok.,
37511,2025-04-08 01:46:32,67722.0,0.0,91.11,169.0,286.0,23.0,271.0,00.00.00.00,LOCAL,Val,Nenhuma,16.0,(0000): Comunicação Ok.,
37511,2025-04-08 01:15:11,67722.0,0.0,91.11,169.0,286.0,23.0,271.0,00.00.00.00,LOCAL,Val,Nenhuma,17.0,(0000): Comunicação Ok.,
37511,2025-04-08 00:44:54,67722.0,0.0,91.11,169.0,286.0,23.0,271.0,00.00.00.00,LOCAL,Val,Nenhuma,17.0,(0000): Comunicação Ok.,
37511,2025-04-08 00:15:39,67722.0,0.0,91.11,169.0,286.0,23.0,271.0,00.00.00.00,LOCAL,Val,Nenhuma,17.0,(0000): Comunicação Ok.,
39007,2025-04-09 03:47:18,66837.0,0.0,91.11,169.0,286.0,23.0,271.0,00.00.00.00,BD3043,Val,Nenhuma,16.0,(0000): Comunicação Ok.,
39007,2025-04-09 03:16:45,66837.0,0.0,91.11,169.0,286.0,23.0,271.0,00.00.00.00,BD3043,Val,Nenhuma,17.0,(0000): Comunicação Ok.,
39007,2025-04-09 02:46:50,66837.0,0.0,91.11,169.0,286.0,23.0,271.0,00.00.00.00,BD3043,Val,Nenhuma,16.0,(0000): Comunicação Ok.,
39007,2025-04-09 02:16:18,66837.0,0.0,91.11,169.0,286.0,23.0,271.0,00.00.00.00,BD3043,Val,Nenhuma,16.0,(0000): Comunicação Ok.,
39007,2025-04-09 01:46:23,66837.0,0.0,91.11,169.0,286.0,23.0,271.0,00.00.00.00,BD3043,Val,Nenhuma,17.0,(0000): Comunicação Ok.,
39007,2025-04-09 01:16:27,66837.0,0.0,91.11,169.0,286.0,23.0,271.0,00.00.00.00,BD3043,Val,Nenhuma,16.0,(0000): Comunicação Ok.,
39007,2025-04-09 00:45:43,66837.0,0.0,91.11,169.0,286.0,23.0,271.0,00.00.00.00,BD3043,Val,Nenhuma,18.0,(0000): Comunicação Ok.,
39007,2025-04-09 00:14:52,66837.0,0.0,91.11,169.0,286.0,23.0,271.0,00.00.00.00,BD3043,Val,Nenhuma,19.0,(0000): Comunicação Ok.,
39007,2025-04-08 05:16:56,66837.0,0.0,91.11,169.0,286.0,23.0,271.0,00.00.00.00,BD3043,Val,Nenhuma,16.0,(0000): Comunicação Ok.,
39007,2025-04-08 04:46:23,66837.0,0.0,91.11,169.0,286.0,23.0,271.0,00.00.00.00,BD3043,Val,Nenhuma,17.0,(0000): Comunicação Ok.,
39007,2025-04-08 04:14:59,66837.0,0.0,91.11,169.0,286.0,23.0,271.0,00.00.00.00,BD3043,Val,Nenhuma,16.0,(0000): Comunicação Ok.,
39007,2025-04-08 03:45:53,66837.0,0.0,91.11,169.0,286.0,23.0,271.0,00.00.00.00,BD3043,Val,Nenhuma,16.0,(0000): Comunicação Ok.,
39007,2025-04-08 03:15:21,66837.0,0.0,91.11,169.0,286.0,23.0,271.0,00.00.00.00,BD3043,Val,Nenhuma,16.0,(0000): Comunicação Ok.,
39007,2025-04-08 02:44:48,66837.0,0.0,91.11,169.0,286.0,23.0,271.0,00.00.00.00,BD3043,Val,Nenhuma,16.0,(0000): Comunicação Ok.,
39007,2025-04-08 02:13:51,66837.0,0.0,91.11,169.0,286.0,23.0,271.0,00.00.00.00,BD3043,Val,Nenhuma,16.0,(0000): Comunicação Ok.,
39007,2025-04-08 01:43:56,66837.0,0.0,91.11,169.0,286.0,23.0,271.0,00.00.00.00,BD3043,Val,Nenhuma,16.0,(0000): Comunicação Ok.,
39007,2025-04-08 01:13:50,66837.0,0.0,91.11,169.0,286.0,23.0,271.0,00.00.00.00,BD3043,Val,Nenhuma,16.0,(0000): Comunicação Ok.,
39007,2025-04-08 00:43:44,66837.0,0.0,91.11,169.0,286.0,23.0,271.0,00.00.00.00,BD3043,Val,Nenhuma,18.0,(0000): Comunicação Ok.,
39026,2025-04-09 04:19:30,67477.0,0.0,91.11,169.0,286.0,23.0,271.0,00.00.00.00,LOCAL,Val,Nenhuma,16.0,(0000): Comunicação Ok.,
39026,2025-04-09 03:48:58,67477.0,0.0,91.11,169.0,286.0,23.0,271.0,00.00.00.00,LOCAL,Val,Nenhuma,16.0,(0000): Comunicação Ok.,
39026,2025-04-09 03:17:36,67477.0,0.0,91.11,169.0,286.0,23.0,271.0,00.00.00.00,LOCAL,Val,Nenhuma,16.0,(0000): Comunicação Ok.,
39026,2025-04-09 02:47:42,67477.0,0.0,91.11,169.0,286.0,23.0,271.0,00.00.00.00,LOCAL,Val,Nenhuma,16.0,(0000): Comunicação Ok.,
39026,2025-04-09 02:17:10,67477.0,0.0,91.11,169.0,286.0,23.0,271.0,00.00.00.00,LOCAL,Val,Nenhuma,16.0,(0000): Comunicação Ok.,
39026,2025-04-09 01:46:37,67477.0,0.0,91.11,169.0,286.0,23.0,271.0,00.00.00.00,LOCAL,Val,Nenhuma,16.0,(0000): Comunicação Ok.,
39026,2025-04-09 01:17:19,67477.0,0.0,91.11,169.0,286.0,23.0,271.0,00.00.00.00,LOCAL,Val,Nenhuma,17.0,(0000): Comunicação Ok.,
39026,2025-04-09 00:46:37,67477.0,0.0,91.11,169.0,286.0,23.0,271.0,00.00.00.00,LOCAL,Val,Nenhuma,16.0,(0000): Comunicação Ok.,
39026,2025-04-09 00:16:41,67477.0,0.0,91.11,169.0,286.0,23.0,271.0,00.00.00.00,LOCAL,Val,Nenhuma,16.0,(0000): Comunicação Ok.,
39026,2025-04-08 23:45:29,67477.0,0.0,91.11,169.0,286.0,23.0,271.0,00.00.00.00,LOCAL,Val,Nenhuma,16.0,(0000): Comunicação Ok.,
39026,2025-04-08 23:15:34,67477.0,0.0,91.11,169.0,286.0,23.0,271.0,00.00.00.00,LOCAL,Val,Nenhuma,17.0,(0000): Comunicação Ok.,
39026,2025-04-08 22:45:01,67477.0,0.0,91.11,169.0,286.0,23.0,271.0,00.00.00.00,LOCAL,Val,Nenhuma,16.0,(0000): Comunicação Ok.,
39026,2025-04-08 22:14:42,67477.0,0.0,91.11,169.0,286.0,23.0,271.0,00.00.00.00,LOCAL,Val,Nenhuma,16.0,(0000): Comunicação Ok.,
39026,2025-04-08 21:44:46,67477.0,0.0,91.11,169.0,286.0,23.0,271.0,00.00.00.00,LOCAL,Val,Nenhuma,18.0,(0000): Comunicação Ok.,
39026,2025-04-08 21:13:38,67477.0,0.0,91.11,169.0,286.0,23.0,271.0,00.00.00.00,LOCAL,Val,Nenhuma,16.0,(0000): Comunicação Ok.,
39026,2025-04-08 20:43:01,67477.0,0.0,91.11,169.0,286.0,23.0,271.0,00.00.00.00,LOCAL,Val,Nenhuma,30.0,(0000): Comunicação Ok.,
39026,2025-04-08 04:22:22,67477.0,0.0,91.11,169.0,286.0,23.0,271.0,00.00.00.00,LOCAL,Val,Nenhuma,17.0,(0000): Comunicação Ok.,
39026,2025-04-08 03:53:15,67477.0,0.0,91.11,169.0,286.0,23.0,271.0,00.00.00.00,LOCAL,Val,Nenhuma,16.0,(0000): Comunicação Ok.,
39026,2025-04-08 03:22:42,67477.0,0.0,91.11,169.0,286.0,23.0,271.0,00.00.00.00,LOCAL,Val,Nenhuma,16.0,(0000): Comunicação Ok.,
39026,2025-04-08 02:52:09,67477.0,0.0,91.11,169.0,286.0,23.0,271.0,00.00.00.00,LOCAL,Val,Nenhuma,16.0,(0000): Comunicação Ok.,
39026,2025-04-08 02:22:01,67477.0,0.0,91.11,169.0,286.0,23.0,271.0,00.00.00.00,LOCAL,Val,Nenhuma,16.0,(0000): Comunicação Ok.,
39026,2025-04-08 01:51:28,67477.0,0.0,91.11,169.0,286.0,23.0,271.0,00.00.00.00,LOCAL,Val,Nenhuma,16.0,(0000): Comunicação Ok.,
39026,2025-04-08 01:20:07,67477.0,0.0,91.11,169.0,286.0,23.0,271.0,00.00.00.00,LOCAL,Val,Nenhuma,16.0,(0000): Comunicação Ok.,
39026,2025-04-08 00:49:52,67477.0,0.0,91.11,169.0,286.0,23.0,271.0,00.00.00.00,LOCAL,Val,Nenhuma,16.0,(0000): Comunicação Ok.,
39026,2025-04-08 00:19:57,67477.0,0.0,91.11,169.0,286.0,23.0,271.0,00.00.00.00,LOCAL,Val,Nenhuma,21.0,(0000): Comunicação Ok.,
39050,2025-04-09 04:46:21,66940.0,0.0,91.11,169.0,286.0,23.0,271.0,00.00.00.00,LOCAL,Val,Nenhuma,16.0,(0000): Comunicação Ok.,
39050,2025-04-09 04:15:23,66940.0,0.0,91.11,169.0,286.0,23.0,271.0,00.00.00.00,LOCAL,Val,Nenhuma,16.0,(0000): Comunicação Ok.,
39050,2025-04-09 03:44:50,66940.0,0.0,91.11,169.0,286.0,23.0,271.0,00.00.00.00,LOCAL,Val,Nenhuma,17.0,(0000): Comunicação Ok.,
39050,2025-04-09 03:14:17,66940.0,0.0,91.11,169.0,286.0,23.0,271.0,00.00.00.00,LOCAL,Val,Nenhuma,17.0,(0000): Comunicação Ok.,
39050,2025-04-09 02:44:22,66940.0,0.0,91.11,169.0,286.0,23.0,271.0,00.00.00.00,LOCAL,Val,Nenhuma,16.0,(0000): Comunicação Ok.,
39050,2025-04-09 02:13:49,66940.0,0.0,91.11,169.0,286.0,23.0,271.0,00.00.00.00,LOCAL,Val,Nenhuma,16.0,(0000): Comunicação Ok.,
39050,2025-04-09 01:43:55,66940.0,0.0,91.11,169.0,286.0,23.0,271.0,00.00.00.00,LOCAL,Val,Nenhuma,16.0,(0000): Comunicação Ok.,
39050,2025-04-09 01:13:59,66940.0,0.0,91.11,169.0,286.0,23.0,271.0,00.00.00.00,LOCAL,Val,Nenhuma,17.0,(0000): Comunicação Ok.,
39050,2025-04-09 00:43:16,66940.0,0.0,91.11,169.0,286.0,23.0,271.0,00.00.00.00,LOCAL,Val,Nenhuma,16.0,(0000): Comunicação Ok.,
39050,2025-04-09 00:12:26,66940.0,0.0,91.11,169.0,286.0,23.0,271.0,00.00.00.00,LOCAL,Val,Nenhuma,17.0,(0000): Comunicação Ok.,
39050,2025-04-08 23:42:07,66940.0,0.0,91.11,169.0,286.0,23.0,271.0,00.00.00.00,LOCAL,Val,Nenhuma,19.0,(0000): Comunicação Ok.,
39050,2025-04-08 23:12:08,66940.0,0.0,91.11,169.0,286.0,23.0,271.0,00.00.00.00,LOCAL,Val,Nenhuma,16.0,(0000): Comunicação Ok.,
39050,2025-04-08 22:41:36,66940.0,0.0,91.11,169.0,286.0,23.0,271.0,00.00.00.00,LOCAL,Val,Nenhuma,16.0,(0000): Comunicação Ok.,
39050,2025-04-08 22:11:16,66940.0,0.0,91.11,169.0,286.0,23.0,271.0,00.00.00.00,LOCAL,Val,Nenhuma,19.0,(0000): Comunicação Ok.,
39050,2025-04-08 21:41:19,66940.0,0.0,91.11,169.0,286.0,23.0,271.0,00.00.00.00,LOCAL,Val,Nenhuma,37.0,(0000): Comunicação Ok.,
39050,2025-04-08 04:37:19,66940.0,0.0,91.11,169.0,286.0,23.0,271.0,00.00.00.00,LOCAL,Val,Nenhuma,16.0,(0000): Comunicação Ok.,
39050,2025-04-08 04:06:46,66940.0,0.0,91.11,169.0,286.0,23.0,271.0,00.00.00.00,LOCAL,Val,Nenhuma,16.0,(0000): Comunicação Ok.,
39050,2025-04-08 03:36:14,66940.0,0.0,91.11,169.0,286.0,23.0,271.0,00.00.00.00,LOCAL,Val,Nenhuma,17.0,(0000): Comunicação Ok.,
39050,2025-04-08 03:05:42,66940.0,0.0,91.11,169.0,286.0,23.0,271.0,00.00.00.00,LOCAL,Val,Nenhuma,16.0,(0000): Comunicação Ok.,
39050,2025-04-08 02:36:23,66940.0,0.0,91.11,169.0,286.0,23.0,271.0,00.00.00.00,LOCAL,Val,Nenhuma,17.0,(0000): Comunicação Ok.,
39050,2025-04-08 02:05:00,66940.0,0.0,91.11,169.0,286.0,23.0,271.0,00.00.00.00,LOCAL,Val,Nenhuma,17.0,(0000): Comunicação Ok.,
39050,2025-04-08 01:35:06,66940.0,0.0,91.11,169.0,286.0,23.0,271.0,00.00.00.00,LOCAL,Val,Nenhuma,16.0,(0000): Comunicação Ok.,
39050,2025-04-08 01:05:00,66940.0,0.0,91.11,169.0,286.0,23.0,271.0,00.00.00.00,LOCAL,Val,Nenhuma,16.0,(0000): Comunicação Ok.,
39050,2025-04-08 00:34:55,66940.0,0.0,91.11,169.0,286.0,23.0,271.0,00.00.00.00,LOCAL,Val,Nenhuma,16.0,(0000): Comunicação Ok.,
39050,2025-04-08 00:04:24,66940.0,0.0,91.11,169.0,286.0,23.0,271.0,00.00.00.00,LOCAL,Val,Nenhuma,17.0,(0000): Comunicação Ok.,
39066,2025-04-09 05:14:33,66932.0,0.0,91.11,169.0,286.0,23.0,271.0,00.00.00.00,LOCAL,Val,Nenhuma,16.0,(0000): Comunicação Ok.,
39066,2025-04-09 04:44:39,66932.0,0.0,91.11,169.0,286.0,23.0,271.0,00.00.00.00,LOCAL,Val,Nenhuma,17.0,(0000): Comunicação Ok.,
39066,2025-04-09 04:14:06,66932.0,0.0,91.11,169.0,286.0,23.0,271.0,00.00.00.00,LOCAL,Val,Nenhuma,16.0,(0000): Comunicação Ok.,
39066,2025-04-09 03:43:07,66932.0,0.0,91.11,169.0,286.0,23.0,271.0,00.00.00.00,LOCAL,Val,Nenhuma,17.0,(0000): Comunicação Ok.,
39066,2025-04-09 03:12:33,66932.0,0.0,91.11,169.0,286.0,23.0,271.0,00.00.00.00,LOCAL,Val,Nenhuma,17.0,(0000): Comunicação Ok.,
39066,2025-04-09 02:42:12,66932.0,0.0,91.11,169.0,286.0,23.0,271.0,00.00.00.00,LOCAL,Val,Nenhuma,17.0,(0000): Comunicação Ok.,
39066,2025-04-09 02:11:41,66932.0,0.0,91.11,169.0,286.0,23.0,271.0,00.00.00.00,LOCAL,Val,Nenhuma,16.0,(0000): Comunicação Ok.,
39066,2025-04-09 01:41:46,66932.0,0.0,91.11,169.0,286.0,23.0,271.0,00.00.00.00,LOCAL,Val,Nenhuma,17.0,(0000): Comunicação Ok.,
39066,2025-04-09 01:11:50,66932.0,0.0,91.11,169.0,286.0,23.0,271.0,00.00.00.00,LOCAL,Val,Nenhuma,17.0,(0000): Comunicação Ok.,
39066,2025-04-09 00:41:06,66932.0,0.0,91.11,169.0,286.0,23.0,271.0,00.00.00.00,LOCAL,Val,Nenhuma,17.0,(0000): Comunicação Ok.,
39066,2025-04-09 00:10:15,66932.0,0.0,91.11,169.0,286.0,23.0,271.0,00.00.00.00,LOCAL,Val,Nenhuma,17.0,(0000): Comunicação Ok.,
39066,2025-04-08 23:39:57,66932.0,0.0,91.11,169.0,286.0,23.0,271.0,00.00.00.00,LOCAL,Val,Nenhuma,16.0,(0000): Comunicação Ok.,
39066,2025-04-08 23:10:01,66932.0,0.0,91.11,169.0,286.0,23.0,271.0,00.00.00.00,LOCAL,Val,Nenhuma,17.0,(0000): Comunicação Ok.,
39066,2025-04-08 22:39:27,66932.0,0.0,91.11,169.0,286.0,23.0,271.0,00.00.00.00,LOCAL,Val,Nenhuma,27.0,(0000): Comunicação Ok.,
39066,2025-04-08 05:05:16,66932.0,0.0,91.11,169.0,286.0,23.0,271.0,00.00.00.00,LOCAL,Val,Nenhuma,20.0,(0000): Comunicação Ok.,
39066,2025-04-08 04:35:16,66932.0,0.0,91.11,169.0,286.0,23.0,271.0,00.00.00.00,LOCAL,Val,Nenhuma,17.0,(0000): Comunicação Ok.,
39066,2025-04-08 04:04:42,66932.0,0.0,91.11,169.0,286.0,23.0,271.0,00.00.00.00,LOCAL,Val,Nenhuma,16.0,(0000): Comunicação Ok.,
39066,2025-04-08 03:34:09,66932.0,0.0,91.11,169.0,286.0,23.0,271.0,00.00.00.00,LOCAL,Val,Nenhuma,16.0,(0000): Comunicação Ok.,
39066,2025-04-08 03:03:37,66932.0,0.0,91.11,169.0,286.0,23.0,271.0,00.00.00.00,LOCAL,Val,Nenhuma,16.0,(0000): Comunicação Ok.,
39066,2025-04-08 02:34:18,66932.0,0.0,91.11,169.0,286.0,23.0,271.0,00.00.00.00,LOCAL,Val,Nenhuma,16.0,(0000): Comunicação Ok.,
39066,2025-04-08 02:02:55,66932.0,0.0,91.11,169.0,286.0,23.0,271.0,00.00.00.00,LOCAL,Val,Nenhuma,16.0,(0000): Comunicação Ok.,
39066,2025-04-08 01:33:00,66932.0,0.0,91.11,169.0,286.0,23.0,271.0,00.00.00.00,LOCAL,Val,Nenhuma,16.0,(0000): Comunicação Ok.,
39066,2025-04-08 01:02:55,66932.0,0.0,91.11,169.0,286.0,23.0,271.0,00.00.00.00,LOCAL,Val,Nenhuma,17.0,(0000): Comunicação Ok.,
39066,2025-04-08 00:32:49,66932.0,0.0,91.11,169.0,286.0,23.0,271.0,00.00.00.00,LOCAL,Val,Nenhuma,16.0,(0000): Comunicação Ok.,
39066,2025-04-08 00:02:18,66932.0,0.0,91.11,169.0,286.0,23.0,271.0,00.00.00.00,LOCAL,Val,Nenhuma,17.0,(0000): Comunicação Ok.,
39070,2025-04-09 04:09:54,66997.0,0.0,91.11,169.0,286.0,23.0,271.0,00.00.00.00,LOCAL,Val,Nenhuma,16.0,(0000): Comunicação Ok.,
39070,2025-04-09 03:39:22,66997.0,0.0,91.11,169.0,286.0,23.0,271.0,00.00.00.00,LOCAL,Val,Nenhuma,16.0,(0000): Comunicação Ok.,
39070,2025-04-09 03:08:49,66997.0,0.0,91.11,169.0,286.0,23.0,271.0,00.00.00.00,LOCAL,Val,Nenhuma,16.0,(0000): Comunicação Ok.,
39070,2025-04-09 02:38:54,66997.0,0.0,91.11,169.0,286.0,23.0,271.0,00.00.00.00,LOCAL,Val,Nenhuma,16.0,(0000): Comunicação Ok.,
39070,2025-04-09 02:08:21,66997.0,0.0,91.11,169.0,286.0,23.0,271.0,00.00.00.00,LOCAL,Val,Nenhuma,16.0,(0000): Comunicação Ok.,
39070,2025-04-09 01:38:27,66997.0,0.0,91.11,169.0,286.0,23.0,271.0,00.00.00.00,LOCAL,Val,Nenhuma,16.0,(0000): Comunicação Ok.,
39070,2025-04-09 01:08:31,66997.0,0.0,91.11,169.0,286.0,23.0,271.0,00.00.00.00,LOCAL,Val,Nenhuma,16.0,(0000): Comunicação Ok.,
39070,2025-04-09 00:37:48,66997.0,0.0,91.11,169.0,286.0,23.0,271.0,00.00.00.00,LOCAL,Val,Nenhuma,17.0,(0000): Comunicação Ok.,
39070,2025-04-09 00:06:58,66997.0,0.0,91.11,169.0,286.0,23.0,271.0,00.00.00.00,LOCAL,Val,Nenhuma,16.0,(0000): Comunicação Ok.,
39070,2025-04-08 23:36:40,66997.0,0.0,91.11,169.0,286.0,23.0,271.0,00.00.00.00,LOCAL,Val,Nenhuma,16.0,(0000): Comunicação Ok.,
39070,2025-04-08 23:06:44,66997.0,0.0,91.11,169.0,286.0,23.0,271.0,00.00.00.00,LOCAL,Val,Nenhuma,16.0,(0000): Comunicação Ok.,
39070,2025-04-08 22:36:12,66997.0,0.0,91.11,169.0,286.0,23.0,271.0,00.00.00.00,LOCAL,Val,Nenhuma,17.0,(0000): Comunicação Ok.,
39070,2025-04-08 22:05:51,66997.0,0.0,91.11,169.0,286.0,23.0,271.0,00.00.00.00,LOCAL,Val,Nenhuma,16.0,(0000): Comunicação Ok.,
39070,2025-04-08 21:35:55,66997.0,0.0,91.11,169.0,286.0,23.0,271.0,00.00.00.00,LOCAL,Val,Nenhuma,16.0,(0000): Comunicação Ok.,
39070,2025-04-08 21:04:50,66997.0,0.0,91.11,169.0,286.0,23.0,271.0,00.00.00.00,LOCAL,Val,Nenhuma,18.0,(0000): Comunicação Ok.,
39070,2025-04-08 20:33:45,66997.0,0.0,91.11,169.0,286.0,23.0,271.0,00.00.00.00,LOCAL,Val,Nenhuma,20.0,(0000): Comunicação Ok.,
39070,2025-04-08 04:06:51,66997.0,0.0,91.11,169.0,286.0,23.0,271.0,00.00.00.00,LOCAL,Val,Nenhuma,16.0,(0000): Comunicação Ok.,
39070,2025-04-08 03:36:18,66997.0,0.0,91.11,169.0,286.0,23.0,271.0,00.00.00.00,LOCAL,Val,Nenhuma,16.0,(0000): Comunicação Ok.,
39070,2025-04-08 03:05:45,66997.0,0.0,91.11,169.0,286.0,23.0,271.0,00.00.00.00,LOCAL,Val,Nenhuma,16.0,(0000): Comunicação Ok.,
39070,2025-04-08 02:36:26,66997.0,0.0,91.11,169.0,286.0,23.0,271.0,00.00.00.00,LOCAL,Val,Nenhuma,16.0,(0000): Comunicação Ok.,
39070,2025-04-08 02:05:04,66997.0,0.0,91.11,169.0,286.0,23.0,271.0,00.00.00.00,LOCAL,Val,Nenhuma,16.0,(0000): Comunicação Ok.,
39070,2025-04-08 01:35:08,66997.0,0.0,91.11,169.0,286.0,23.0,271.0,00.00.00.00,LOCAL,Val,Nenhuma,16.0,(0000): Comunicação Ok.,
39070,2025-04-08 01:05:04,66997.0,0.0,91.11,169.0,286.0,23.0,271.0,00.00.00.00,LOCAL,Val,Nenhuma,16.0,(0000): Comunicação Ok.,
39070,2025-04-08 00:34:59,66997.0,0.0,91.11,169.0,286.0,23.0,271.0,00.00.00.00,LOCAL,Val,Nenhuma,16.0,(0000): Comunicação Ok.,
39070,2025-04-08 00:04:29,66997.0,0.0,91.11,169.0,286.0,23.0,271.0,00.00.00.00,LOCAL,Val,Nenhuma,17.0,(0000): Comunicação Ok.,
39074,2025-04-09 04:47:40,66815.0,0.0,91.11,169.0,286.0,23.0,271.0,00.00.00.00,LOCAL,Val,Nenhuma,17.0,(0000): Comunicação Ok.,
39074,2025-04-08 04:43:28,66815.0,0.0,91.11,169.0,286.0,23.0,271.0,00.00.00.00,LOCAL,Val,Nenhuma,17.0,(0000): Comunicação Ok.,
39074,2025-04-08 04:12:54,66815.0,0.0,91.11,169.0,286.0,23.0,271.0,00.00.00.00,LOCAL,Val,Nenhuma,17.0,(0000): Comunicação Ok.,
39074,2025-04-08 03:42:20,66815.0,0.0,91.11,169.0,286.0,23.0,271.0,00.00.00.00,LOCAL,Val,Nenhuma,16.0,(0000): Comunicação Ok.,
39074,2025-04-08 03:11:48,66815.0,0.0,91.11,169.0,286.0,23.0,271.0,00.00.00.00,LOCAL,Val,Nenhuma,16.0,(0000): Comunicação Ok.,
39074,2025-04-08 02:42:29,66815.0,0.0,91.11,169.0,286.0,23.0,271.0,00.00.00.00,LOCAL,Val,Nenhuma,16.0,(0000): Comunicação Ok.,
39074,2025-04-08 02:11:08,66815.0,0.0,91.11,169.0,286.0,23.0,271.0,00.00.00.00,LOCAL,Val,Nenhuma,16.0,(0000): Comunicação Ok.,
39074,2025-04-08 01:41:12,66815.0,0.0,91.11,169.0,286.0,23.0,271.0,00.00.00.00,LOCAL,Val,Nenhuma,17.0,(0000): Comunicação Ok.,
39074,2025-04-08 01:11:07,66815.0,0.0,91.11,169.0,286.0,23.0,271.0,00.00.00.00,LOCAL,Val,Nenhuma,16.0,(0000): Comunicação Ok.,
39074,2025-04-08 00:41:01,66815.0,0.0,91.11,169.0,286.0,23.0,271.0,00.00.00.00,LOCAL,Val,Nenhuma,17.0,(0000): Comunicação Ok.,
39074,2025-04-08 00:10:31,66815.0,0.0,91.11,169.0,286.0,23.0,271.0,00.00.00.00,LOCAL,Val,Nenhuma,20.0,(0000): Comunicação Ok.,
39075,2025-04-09 04:32:23,67410.0,0.0,91.11,169.0,286.0,23.0,271.0,00.00.00.00,LOCAL,Val,Nenhuma,16.0,(0000): Comunicação Ok.,
39075,2025-04-09 04:01:52,67410.0,0.0,91.11,169.0,286.0,23.0,271.0,00.00.00.00,LOCAL,Val,Nenhuma,16.0,(0000): Comunicação Ok.,
39075,2025-04-09 03:31:20,67410.0,0.0,91.11,169.0,286.0,23.0,271.0,00.00.00.00,LOCAL,Val,Nenhuma,16.0,(0000): Comunicação Ok.,
39075,2025-04-09 03:00:47,67410.0,0.0,91.11,169.0,286.0,23.0,271.0,00.00.00.00,LOCAL,Val,Nenhuma,17.0,(0000): Comunicação Ok.,
39075,2025-04-09 02:30:53,67410.0,0.0,91.11,169.0,286.0,23.0,271.0,00.00.00.00,LOCAL,Val,Nenhuma,17.0,(0000): Comunicação Ok.,
39075,2025-04-09 01:59:31,67410.0,0.0,91.11,169.0,286.0,23.0,271.0,00.00.00.00,LOCAL,Val,Nenhuma,16.0,(0000): Comunicação Ok.,
39075,2025-04-09 01:28:59,67410.0,0.0,91.11,169.0,286.0,23.0,271.0,00.00.00.00,LOCAL,Val,Nenhuma,16.0,(0000): Comunicação Ok.,
39075,2025-04-09 00:59:03,67410.0,0.0,91.11,169.0,286.0,23.0,271.0,00.00.00.00,LOCAL,Val,Nenhuma,17.0,(0000): Comunicação Ok.,
39075,2025-04-09 00:28:57,67410.0,0.0,91.11,169.0,286.0,23.0,271.0,00.00.00.00,LOCAL,Val,Nenhuma,16.0,(0000): Comunicação Ok.,
39075,2025-04-08 23:57:56,67410.0,0.0,91.11,169.0,286.0,23.0,271.0,00.00.00.00,LOCAL,Val,Nenhuma,18.0,(0000): Comunicação Ok.,
39075,2025-04-08 23:27:49,67410.0,0.0,91.11,169.0,286.0,23.0,271.0,00.00.00.00,LOCAL,Val,Nenhuma,28.0,(0000): Comunicação Ok.,
39075,2025-04-08 04:18:45,67410.0,0.0,91.11,169.0,286.0,23.0,271.0,00.00.00.00,LOCAL,Val,Nenhuma,16.0,(0000): Comunicação Ok.,
39075,2025-04-08 03:49:38,67410.0,0.0,91.11,169.0,286.0,23.0,271.0,00.00.00.00,LOCAL,Val,Nenhuma,17.0,(0000): Comunicação Ok.,
39075,2025-04-08 03:19:05,67410.0,0.0,91.11,169.0,286.0,23.0,271.0,00.00.00.00,LOCAL,Val,Nenhuma,17.0,(0000): Comunicação Ok.,
39075,2025-04-08 02:48:32,67410.0,0.0,91.11,169.0,286.0,23.0,271.0,00.00.00.00,LOCAL,Val,Nenhuma,16.0,(0000): Comunicação Ok.,
39075,2025-04-08 02:18:23,67410.0,0.0,91.11,169.0,286.0,23.0,271.0,00.00.00.00,LOCAL,Val,Nenhuma,16.0,(0000): Comunicação Ok.,
39075,2025-04-08 01:47:50,67410.0,0.0,91.11,169.0,286.0,23.0,271.0,00.00.00.00,LOCAL,Val,Nenhuma,17.0,(0000): Comunicação Ok.,
39075,2025-04-08 01:16:28,67410.0,0.0,91.11,169.0,286.0,23.0,271.0,00.00.00.00,LOCAL,Val,Nenhuma,16.0,(0000): Comunicação Ok.,
39075,2025-04-08 00:46:13,67410.0,0.0,91.11,169.0,286.0,23.0,271.0,00.00.00.00,LOCAL,Val,Nenhuma,16.0,(0000): Comunicação Ok.,
39075,2025-04-08 00:16:18,67410.0,0.0,91.11,169.0,286.0,23.0,271.0,00.00.00.00,LOCAL,Val,Nenhuma,18.0,(0000): Comunicação Ok.,
39085,2025-04-09 04:21:20,66941.0,0.0,91.11,169.0,286.0,23.0,271.0,00.00.00.00,LOCAL,Val,Nenhuma,16.0,(0000): Comunicação Ok.,
39085,2025-04-09 03:50:47,66941.0,0.0,91.11,169.0,286.0,23.0,271.0,00.00.00.00,LOCAL,Val,Nenhuma,16.0,(0000): Comunicação Ok.,
39085,2025-04-09 03:20:15,66941.0,0.0,91.11,169.0,286.0,23.0,271.0,00.00.00.00,LOCAL,Val,Nenhuma,16.0,(0000): Comunicação Ok.,
39085,2025-04-09 02:49:43,66941.0,0.0,91.11,169.0,286.0,23.0,271.0,00.00.00.00,LOCAL,Val,Nenhuma,17.0,(0000): Comunicação Ok.,
39085,2025-04-09 02:19:48,66941.0,0.0,91.11,169.0,286.0,23.0,271.0,00.00.00.00,LOCAL,Val,Nenhuma,16.0,(0000): Comunicação Ok.,
39085,2025-04-09 01:48:26,66941.0,0.0,91.11,169.0,286.0,23.0,271.0,00.00.00.00,LOCAL,Val,Nenhuma,17.0,(0000): Comunicação Ok.,
39085,2025-04-09 01:17:54,66941.0,0.0,91.11,169.0,286.0,23.0,271.0,00.00.00.00,LOCAL,Val,Nenhuma,16.0,(0000): Comunicação Ok.,
39085,2025-04-09 00:47:57,66941.0,0.0,91.11,169.0,286.0,23.0,271.0,00.00.00.00,LOCAL,Val,Nenhuma,17.0,(0000): Comunicação Ok.,
39085,2025-04-09 00:17:51,66941.0,0.0,91.11,169.0,286.0,23.0,271.0,00.00.00.00,LOCAL,Val,Nenhuma,17.0,(0000): Comunicação Ok.,
39085,2025-04-08 23:47:16,66941.0,0.0,91.11,169.0,286.0,23.0,271.0,00.00.00.00,LOCAL,Val,Nenhuma,26.0,(0000): Comunicação Ok.,
39085,2025-04-08 05:08:11,66941.0,0.0,91.11,169.0,286.0,23.0,271.0,00.00.00.00,LOCAL,Val,Nenhuma,24.0,(0000): Comunicação Ok.,
39085,2025-04-08 03:58:02,66941.0,0.0,91.11,169.0,286.0,23.0,271.0,00.00.00.00,LOCAL,Val,Nenhuma,16.0,(0000): Comunicação Ok.,
39085,2025-04-08 03:27:29,66941.0,0.0,91.11,169.0,286.0,23.0,271.0,00.00.00.00,LOCAL,Val,Nenhuma,17.0,(0000): Comunicação Ok.,
39085,2025-04-08 02:56:56,66941.0,0.0,91.11,169.0,286.0,23.0,271.0,00.00.00.00,LOCAL,Val,Nenhuma,16.0,(0000): Comunicação Ok.,
39085,2025-04-08 02:26:47,66941.0,0.0,91.11,169.0,286.0,23.0,271.0,00.00.00.00,LOCAL,Val,Nenhuma,17.0,(0000): Comunicação Ok.,
39085,2025-04-08 01:56:14,66941.0,0.0,91.11,169.0,286.0,23.0,271.0,00.00.00.00,LOCAL,Val,Nenhuma,17.0,(0000): Comunicação Ok.,
39085,2025-04-08 01:24:53,66941.0,0.0,91.11,169.0,286.0,23.0,271.0,00.00.00.00,LOCAL,Val,Nenhuma,17.0,(0000): Comunicação Ok.,
39085,2025-04-08 00:54:37,66941.0,0.0,91.11,169.0,286.0,23.0,271.0,00.00.00.00,LOCAL,Val,Nenhuma,16.0,(0000): Comunicação Ok.,
39085,2025-04-08 00:24:42,66941.0,0.0,91.11,169.0,286.0,23.0,271.0,00.00.00.00,LOCAL,Val,Nenhuma,17.0,(0000): Comunicação Ok.,
39093,2025-04-09 04:36:14,66894.0,0.0,91.11,169.0,286.0,23.0,271.0,00.00.00.00,LOCAL,Val,Nenhuma,16.0,(0000): Comunicação Ok.,
39093,2025-04-09 04:05:15,66894.0,0.0,91.11,169.0,286.0,23.0,271.0,00.00.00.00,LOCAL,Val,Nenhuma,17.0,(0000): Comunicação Ok.,
39093,2025-04-09 03:34:42,66894.0,0.0,91.11,169.0,286.0,23.0,271.0,00.00.00.00,LOCAL,Val,Nenhuma,17.0,(0000): Comunicação Ok.,
39093,2025-04-09 03:04:09,66894.0,0.0,91.11,169.0,286.0,23.0,271.0,00.00.00.00,LOCAL,Val,Nenhuma,16.0,(0000): Comunicação Ok.,
39093,2025-04-09 02:34:15,66894.0,0.0,91.11,169.0,286.0,23.0,271.0,00.00.00.00,LOCAL,Val,Nenhuma,17.0,(0000): Comunicação Ok.,
39093,2025-04-09 02:03:42,66894.0,0.0,91.11,169.0,286.0,23.0,271.0,00.00.00.00,LOCAL,Val,Nenhuma,17.0,(0000): Comunicação Ok.,
39093,2025-04-09 01:33:21,66894.0,0.0,91.11,169.0,286.0,23.0,271.0,00.00.00.00,LOCAL,Val,Nenhuma,16.0,(0000): Comunicação Ok.,
39093,2025-04-09 01:03:25,66894.0,0.0,91.11,169.0,286.0,23.0,271.0,00.00.00.00,LOCAL,Val,Nenhuma,17.0,(0000): Comunicação Ok.,
39093,2025-04-09 00:32:30,66894.0,0.0,91.11,169.0,286.0,23.0,271.0,00.00.00.00,LOCAL,Val,Nenhuma,17.0,(0000): Comunicação Ok.,
39093,2025-04-09 00:01:29,66894.0,0.0,91.11,169.0,286.0,23.0,271.0,00.00.00.00,LOCAL,Val,Nenhuma,23.0,(0000): Comunicação Ok.,
39093,2025-04-08 23:31:15,66894.0,0.0,91.11,169.0,286.0,23.0,271.0,00.00.00.00,LOCAL,Val,Nenhuma,17.0,(0000): Comunicação Ok.,
39093,2025-04-08 23:00:42,66894.0,0.0,91.11,169.0,286.0,23.0,271.0,00.00.00.00,LOCAL,Val,Nenhuma,17.0,(0000): Comunicação Ok.,
39093,2025-04-08 22:30:33,66894.0,0.0,91.11,169.0,286.0,23.0,271.0,00.00.00.00,LOCAL,Val,Nenhuma,17.0,(0000): Comunicação Ok.,
39093,2025-04-08 22:00:24,66894.0,0.0,91.11,169.0,286.0,23.0,271.0,00.00.00.00,LOCAL,Val,Nenhuma,18.0,(0000): Comunicação Ok.,
39093,2025-04-08 21:29:50,66894.0,0.0,91.11,169.0,286.0,23.0,271.0,00.00.00.00,LOCAL,Val,Nenhuma,20.0,(0000): Comunicação Ok.,
39093,2025-04-08 20:58:32,66894.0,0.0,91.11,169.0,286.0,23.0,271.0,00.00.00.00,LOCAL,Val,Nenhuma,117.0,(0000): Comunicação Ok.,
39093,2025-04-08 04:22:47,66894.0,0.0,91.11,169.0,286.0,23.0,271.0,00.00.00.00,LOCAL,Val,Nenhuma,16.0,(0000): Comunicação Ok.,
39093,2025-04-08 03:53:39,66894.0,0.0,91.11,169.0,286.0,23.0,271.0,00.00.00.00,LOCAL,Val,Nenhuma,16.0,(0000): Comunicação Ok.,
39093,2025-04-08 03:23:07,66894.0,0.0,91.11,169.0,286.0,23.0,271.0,00.00.00.00,LOCAL,Val,Nenhuma,17.0,(0000): Comunicação Ok.,
39093,2025-04-08 02:52:33,66894.0,0.0,91.11,169.0,286.0,23.0,271.0,00.00.00.00,LOCAL,Val,Nenhuma,16.0,(0000): Comunicação Ok.,
39093,2025-04-08 02:22:26,66894.0,0.0,91.11,169.0,286.0,23.0,271.0,00.00.00.00,LOCAL,Val,Nenhuma,16.0,(0000): Comunicação Ok.,
39093,2025-04-08 01:51:53,66894.0,0.0,91.11,169.0,286.0,23.0,271.0,00.00.00.00,LOCAL,Val,Nenhuma,16.0,(0000): Comunicação Ok.,
39093,2025-04-08 01:20:32,66894.0,0.0,91.11,169.0,286.0,23.0,271.0,00.00.00.00,LOCAL,Val,Nenhuma,18.0,(0000): Comunicação Ok.,
39093,2025-04-08 00:50:14,66894.0,0.0,91.11,169.0,286.0,23.0,271.0,00.00.00.00,LOCAL,Val,Nenhuma,16.0,(0000): Comunicação Ok.,
39093,2025-04-08 00:20:20,66894.0,0.0,91.11,169.0,286.0,23.0,271.0,00.00.00.00,LOCAL,Val,Nenhuma,20.0,(0000): Comunicação Ok.,
39096,2025-04-09 05:00:56,67577.0,0.0,91.11,169.0,286.0,23.0,271.0,00.00.00.00,LOCAL,Val,Nenhuma,17.0,(0000): Comunicação Ok.,
39096,2025-04-09 04:31:49,67577.0,0.0,91.11,169.0,286.0,23.0,271.0,00.00.00.00,LOCAL,Val,Nenhuma,16.0,(0000): Comunicação Ok.,
39096,2025-04-09 04:01:16,67577.0,0.0,91.11,169.0,286.0,23.0,271.0,00.00.00.00,LOCAL,Val,Nenhuma,16.0,(0000): Comunicação Ok.,
39096,2025-04-09 03:30:44,67577.0,0.0,91.11,169.0,286.0,23.0,271.0,00.00.00.00,LOCAL,Val,Nenhuma,17.0,(0000): Comunicação Ok.,
39096,2025-04-09 03:00:10,67577.0,0.0,91.11,169.0,286.0,23.0,271.0,00.00.00.00,LOCAL,Val,Nenhuma,17.0,(0000): Comunicação Ok.,
39096,2025-04-09 02:30:15,67577.0,0.0,91.11,169.0,286.0,23.0,271.0,00.00.00.00,LOCAL,Val,Nenhuma,17.0,(0000): Comunicação Ok.,
39096,2025-04-09 01:58:54,67577.0,0.0,91.11,169.0,286.0,23.0,271.0,00.00.00.00,LOCAL,Val,Nenhuma,16.0,(0000): Comunicação Ok.,
39096,2025-04-09 01:28:21,67577.0,0.0,91.11,169.0,286.0,23.0,271.0,00.00.00.00,LOCAL,Val,Nenhuma,17.0,(0000): Comunicação Ok.,
39096,2025-04-09 00:58:24,67577.0,0.0,91.11,169.0,286.0,23.0,271.0,00.00.00.00,LOCAL,Val,Nenhuma,17.0,(0000): Comunicação Ok.,
39096,2025-04-09 00:28:18,67577.0,0.0,91.11,169.0,286.0,23.0,271.0,00.00.00.00,LOCAL,Val,Nenhuma,19.0,(0000): Comunicação Ok.,
39096,2025-04-08 23:57:14,67577.0,0.0,91.11,169.0,286.0,23.0,271.0,00.00.00.00,LOCAL,Val,Nenhuma,17.0,(0000): Comunicação Ok.,
39096,2025-04-08 23:27:07,67577.0,0.0,91.11,169.0,286.0,23.0,271.0,00.00.00.00,LOCAL,Val,Nenhuma,17.0,(0000): Comunicação Ok.,
39096,2025-04-08 22:56:33,67577.0,0.0,91.11,169.0,286.0,23.0,271.0,00.00.00.00,LOCAL,Val,Nenhuma,18.0,(0000): Comunicação Ok.,
39096,2025-04-08 22:26:24,67577.0,0.0,91.11,169.0,286.0,23.0,271.0,00.00.00.00,LOCAL,Val,Nenhuma,17.0,(0000): Comunicação Ok.,
39096,2025-04-08 21:56:16,67577.0,0.0,91.11,169.0,286.0,23.0,271.0,00.00.00.00,LOCAL,Val,Nenhuma,18.0,(0000): Comunicação Ok.,
39096,2025-04-08 21:25:42,67577.0,0.0,91.11,169.0,286.0,23.0,271.0,00.00.00.00,LOCAL,Val,Nenhuma,17.0,(0000): Comunicação Ok.,
39096,2025-04-08 20:54:52,67577.0,0.0,91.11,169.0,286.0,23.0,271.0,00.00.00.00,LOCAL,Val,Nenhuma,18.0,(0000): Comunicação Ok.,
39096,2025-04-08 04:51:34,67577.0,0.0,91.11,169.0,286.0,23.0,271.0,00.00.00.00,LOCAL,Val,Nenhuma,16.0,(0000): Comunicação Ok.,
39096,2025-04-08 04:20:12,67577.0,0.0,91.11,169.0,286.0,23.0,271.0,00.00.00.00,LOCAL,Val,Nenhuma,16.0,(0000): Comunicação Ok.,
39096,2025-04-08 03:51:06,67577.0,0.0,91.11,169.0,286.0,23.0,271.0,00.00.00.00,LOCAL,Val,Nenhuma,16.0,(0000): Comunicação Ok.,
39096,2025-04-08 03:20:33,67577.0,0.0,91.11,169.0,286.0,23.0,271.0,00.00.00.00,LOCAL,Val,Nenhuma,17.0,(0000): Comunicação Ok.,
39096,2025-04-08 02:50:00,67577.0,0.0,91.11,169.0,286.0,23.0,271.0,00.00.00.00,LOCAL,Val,Nenhuma,17.0,(0000): Comunicação Ok.,
39096,2025-04-08 02:19:52,67577.0,0.0,91.11,169.0,286.0,23.0,271.0,00.00.00.00,LOCAL,Val,Nenhuma,16.0,(0000): Comunicação Ok.,
39096,2025-04-08 01:49:18,67577.0,0.0,91.11,169.0,286.0,23.0,271.0,00.00.00.00,LOCAL,Val,Nenhuma,17.0,(0000): Comunicação Ok.,
39096,2025-04-08 01:17:57,67577.0,0.0,91.11,169.0,286.0,23.0,271.0,00.00.00.00,LOCAL,Val,Nenhuma,16.0,(0000): Comunicação Ok.,
39096,2025-04-08 00:47:42,67577.0,0.0,91.11,169.0,286.0,23.0,271.0,00.00.00.00,LOCAL,Val,Nenhuma,17.0,(0000): Comunicação Ok.,
39096,2025-04-08 00:17:48,67577.0,0.0,91.11,169.0,286.0,23.0,271.0,00.00.00.00,LOCAL,Val,Nenhuma,17.0,(0000): Comunicação Ok.,
39097,2025-04-09 04:17:21,67448.0,0.0,91.11,169.0,286.0,23.0,271.0,00.00.00.00,LOCAL,Val,Nenhuma,16.0,(0000): Comunicação Ok.,
39097,2025-04-09 03:46:48,67448.0,0.0,91.11,169.0,286.0,23.0,271.0,00.00.00.00,LOCAL,Val,Nenhuma,17.0,(0000): Comunicação Ok.,
39097,2025-04-09 03:16:14,67448.0,0.0,91.11,169.0,286.0,23.0,271.0,00.00.00.00,LOCAL,Val,Nenhuma,17.0,(0000): Comunicação Ok.,
39097,2025-04-09 02:45:54,67448.0,0.0,91.11,169.0,286.0,23.0,271.0,00.00.00.00,LOCAL,Val,Nenhuma,17.0,(0000): Comunicação Ok.,
39097,2025-04-09 02:15:21,67448.0,0.0,91.11,169.0,286.0,23.0,271.0,00.00.00.00,LOCAL,Val,Nenhuma,16.0,(0000): Comunicação Ok.,
39097,2025-04-09 01:45:26,67448.0,0.0,91.11,169.0,286.0,23.0,271.0,00.00.00.00,LOCAL,Val,Nenhuma,17.0,(0000): Comunicação Ok.,
39097,2025-04-09 01:15:30,67448.0,0.0,91.11,169.0,286.0,23.0,271.0,00.00.00.00,LOCAL,Val,Nenhuma,16.0,(0000): Comunicação Ok.,
39097,2025-04-09 00:44:47,67448.0,0.0,91.11,169.0,286.0,23.0,271.0,00.00.00.00,LOCAL,Val,Nenhuma,16.0,(0000): Comunicação Ok.,
39097,2025-04-09 00:13:57,67448.0,0.0,91.11,169.0,286.0,23.0,271.0,00.00.00.00,LOCAL,Val,Nenhuma,17.0,(0000): Comunicação Ok.,
39097,2025-04-08 23:43:12,67448.0,0.0,91.11,169.0,286.0,23.0,271.0,00.00.00.00,LOCAL,Val,Nenhuma,17.0,(0000): Comunicação Ok.,
39097,2025-04-08 23:13:16,67448.0,0.0,91.11,169.0,286.0,23.0,271.0,00.00.00.00,LOCAL,Val,Nenhuma,16.0,(0000): Comunicação Ok.,
39097,2025-04-08 22:42:44,67448.0,0.0,91.11,169.0,286.0,23.0,271.0,00.00.00.00,LOCAL,Val,Nenhuma,16.0,(0000): Comunicação Ok.,
39097,2025-04-08 22:12:24,67448.0,0.0,91.11,169.0,286.0,23.0,271.0,00.00.00.00,LOCAL,Val,Nenhuma,17.0,(0000): Comunicação Ok.,
39097,2025-04-08 21:42:27,67448.0,0.0,91.11,169.0,286.0,23.0,271.0,00.00.00.00,LOCAL,Val,Nenhuma,27.0,(0000): Comunicação Ok.,
39097,2025-04-08 21:37:50,67448.0,0.0,91.11,169.0,286.0,23.0,271.0,00.00.00.00,LOCAL,Val,Nenhuma,166.0,(1022): Erro ao ler dados do socket.,
39097,2025-04-08 05:47:06,67448.0,0.0,91.11,169.0,286.0,23.0,271.0,00.00.00.00,LOCAL,Val,Nenhuma,16.0,(0000): Comunicação Ok.,
39100,2025-04-09 04:59:09,67988.0,0.0,91.11,169.0,286.0,23.0,271.0,00.00.00.00,LOCAL,Val,Nenhuma,16.0,(0000): Comunicação Ok.,
39100,2025-04-08 21:20:46,67988.0,0.0,91.11,169.0,286.0,23.0,271.0,00.00.00.00,LOCAL,Val,Nenhuma,18.0,(0000): Comunicação Ok.,
39119,2025-04-09 05:42:36,67716.0,0.0,91.11,169.0,286.0,23.0,271.0,00.00.00.00,LOCAL,Val,Nenhuma,16.0,(0000): Comunicação Ok.,
39119,2025-04-09 05:12:18,67716.0,0.0,91.11,169.0,286.0,23.0,271.0,00.00.00.00,LOCAL,Val,Nenhuma,17.0,(0000): Comunicação Ok.,
39119,2025-04-09 04:42:23,67716.0,0.0,91.11,169.0,286.0,23.0,271.0,00.00.00.00,LOCAL,Val,Nenhuma,17.0,(0000): Comunicação Ok.,
39119,2025-04-09 04:11:50,67716.0,0.0,91.11,169.0,286.0,23.0,271.0,00.00.00.00,LOCAL,Val,Nenhuma,16.0,(0000): Comunicação Ok.,
39119,2025-04-09 03:41:18,67716.0,0.0,91.11,169.0,286.0,23.0,271.0,00.00.00.00,LOCAL,Val,Nenhuma,16.0,(0000): Comunicação Ok.,
39119,2025-04-09 03:10:44,67716.0,0.0,91.11,169.0,286.0,23.0,271.0,00.00.00.00,LOCAL,Val,Nenhuma,16.0,(0000): Comunicação Ok.,
39119,2025-04-09 02:40:49,67716.0,0.0,91.11,169.0,286.0,23.0,271.0,00.00.00.00,LOCAL,Val,Nenhuma,16.0,(0000): Comunicação Ok.,
39119,2025-04-09 02:10:17,67716.0,0.0,91.11,169.0,286.0,23.0,271.0,00.00.00.00,LOCAL,Val,Nenhuma,17.0,(0000): Comunicação Ok.,
39119,2025-04-09 01:40:22,67716.0,0.0,91.11,169.0,286.0,23.0,271.0,00.00.00.00,LOCAL,Val,Nenhuma,16.0,(0000): Comunicação Ok.,
39119,2025-04-09 01:10:26,67716.0,0.0,91.11,169.0,286.0,23.0,271.0,00.00.00.00,LOCAL,Val,Nenhuma,17.0,(0000): Comunicação Ok.,
39119,2025-04-09 00:39:43,67716.0,0.0,91.11,169.0,286.0,23.0,271.0,00.00.00.00,LOCAL,Val,Nenhuma,17.0,(0000): Comunicação Ok.,
39119,2025-04-09 00:08:26,67716.0,0.0,91.11,169.0,286.0,23.0,271.0,00.00.00.00,LOCAL,Val,Nenhuma,16.0,(0000): Comunicação Ok.,
39119,2025-04-08 23:37:42,67716.0,0.0,91.11,169.0,286.0,23.0,271.0,00.00.00.00,LOCAL,Val,Nenhuma,16.0,(0000): Comunicação Ok.,
39119,2025-04-08 23:07:46,67716.0,0.0,91.11,169.0,286.0,23.0,271.0,00.00.00.00,LOCAL,Val,Nenhuma,16.0,(0000): Comunicação Ok.,
39119,2025-04-08 22:37:14,67716.0,0.0,91.11,169.0,286.0,23.0,271.0,00.00.00.00,LOCAL,Val,Nenhuma,17.0,(0000): Comunicação Ok.,
39119,2025-04-08 22:06:53,67716.0,0.0,91.11,169.0,286.0,23.0,271.0,00.00.00.00,LOCAL,Val,Nenhuma,16.0,(0000): Comunicação Ok.,
39119,2025-04-08 21:36:57,67716.0,0.0,91.11,169.0,286.0,23.0,271.0,00.00.00.00,LOCAL,Val,Nenhuma,17.0,(0000): Comunicação Ok.,
39119,2025-04-08 21:05:53,67716.0,0.0,91.11,169.0,286.0,23.0,271.0,00.00.00.00,LOCAL,Val,Nenhuma,17.0,(0000): Comunicação Ok.,
39119,2025-04-08 20:35:15,67716.0,0.0,91.11,169.0,286.0,23.0,271.0,00.00.00.00,LOCAL,Val,Nenhuma,17.0,(0000): Comunicação Ok.,
39119,2025-04-08 20:04:58,67716.0,0.0,91.11,169.0,286.0,23.0,271.0,00.00.00.00,LOCAL,Val,Nenhuma,16.0,(0000): Comunicação Ok.,
39119,2025-04-08 19:35:04,67716.0,0.0,91.11,169.0,286.0,23.0,271.0,00.00.00.00,LOCAL,Val,Nenhuma,19.0,(0000): Comunicação Ok.,
39129,2025-04-09 05:21:15,67364.0,0.0,91.11,169.0,286.0,23.0,271.0,00.00.00.00,LOCAL,Val,Nenhuma,16.0,(0000): Comunicação Ok.,
39129,2025-04-09 04:49:43,67364.0,0.0,91.11,169.0,286.0,23.0,271.0,00.00.00.00,LOCAL,Val,Nenhuma,17.0,(0000): Comunicação Ok.,
39129,2025-04-09 04:20:36,67364.0,0.0,91.11,169.0,286.0,23.0,271.0,00.00.00.00,LOCAL,Val,Nenhuma,16.0,(0000): Comunicação Ok.,
39129,2025-04-09 03:50:03,67364.0,0.0,91.11,169.0,286.0,23.0,271.0,00.00.00.00,LOCAL,Val,Nenhuma,16.0,(0000): Comunicação Ok.,
39129,2025-04-09 03:19:31,67364.0,0.0,91.11,169.0,286.0,23.0,271.0,00.00.00.00,LOCAL,Val,Nenhuma,16.0,(0000): Comunicação Ok.,
39129,2025-04-09 02:48:57,67364.0,0.0,91.11,169.0,286.0,23.0,271.0,00.00.00.00,LOCAL,Val,Nenhuma,17.0,(0000): Comunicação Ok.,
39129,2025-04-09 02:19:03,67364.0,0.0,91.11,169.0,286.0,23.0,271.0,00.00.00.00,LOCAL,Val,Nenhuma,17.0,(0000): Comunicação Ok.,
39129,2025-04-09 01:47:41,67364.0,0.0,91.11,169.0,286.0,23.0,271.0,00.00.00.00,LOCAL,Val,Nenhuma,17.0,(0000): Comunicação Ok.,
39129,2025-04-09 01:17:08,67364.0,0.0,91.11,169.0,286.0,23.0,271.0,00.00.00.00,LOCAL,Val,Nenhuma,17.0,(0000): Comunicação Ok.,
39129,2025-04-09 00:47:39,67364.0,0.0,91.11,169.0,286.0,23.0,271.0,00.00.00.00,LOCAL,Val,Nenhuma,17.0,(0000): Comunicação Ok.,
39129,2025-04-09 00:17:43,67364.0,0.0,91.11,169.0,286.0,23.0,271.0,00.00.00.00,LOCAL,Val,Nenhuma,17.0,(0000): Comunicação Ok.,
39129,2025-04-08 23:46:30,67364.0,0.0,91.11,169.0,286.0,23.0,271.0,00.00.00.00,LOCAL,Val,Nenhuma,17.0,(0000): Comunicação Ok.,
39129,2025-04-08 23:16:35,67364.0,0.0,91.11,169.0,286.0,23.0,271.0,00.00.00.00,LOCAL,Val,Nenhuma,18.0,(0000): Comunicação Ok.,
39129,2025-04-08 22:46:00,67364.0,0.0,91.11,169.0,286.0,23.0,271.0,00.00.00.00,LOCAL,Val,Nenhuma,18.0,(0000): Comunicação Ok.,
39129,2025-04-08 22:15:39,67364.0,0.0,91.11,169.0,286.0,23.0,271.0,00.00.00.00,LOCAL,Val,Nenhuma,16.0,(0000): Comunicação Ok.,
39129,2025-04-08 21:45:43,67364.0,0.0,91.11,169.0,286.0,23.0,271.0,00.00.00.00,LOCAL,Val,Nenhuma,20.0,(0000): Comunicação Ok.,
39129,2025-04-08 21:14:34,67364.0,0.0,91.11,169.0,286.0,23.0,271.0,00.00.00.00,LOCAL,Val,Nenhuma,16.0,(0000): Comunicação Ok.,
39129,2025-04-08 20:43:56,67364.0,0.0,91.11,169.0,286.0,23.0,271.0,00.00.00.00,LOCAL,Val,Nenhuma,17.0,(0000): Comunicação Ok.,
39129,2025-04-08 20:13:39,67364.0,0.0,91.11,169.0,286.0,23.0,271.0,00.00.00.00,LOCAL,Val,Nenhuma,16.0,(0000): Comunicação Ok.,
39129,2025-04-08 19:43:44,67364.0,0.0,91.11,169.0,286.0,23.0,271.0,00.00.00.00,LOCAL,Val,Nenhuma,18.0,(0000): Comunicação Ok.,
39129,2025-04-08 04:25:49,67364.0,0.0,91.11,169.0,286.0,23.0,271.0,00.00.00.00,LOCAL,Val,Nenhuma,17.0,(0000): Comunicação Ok.,
39129,2025-04-08 03:56:42,67364.0,0.0,91.11,169.0,286.0,23.0,271.0,00.00.00.00,LOCAL,Val,Nenhuma,17.0,(0000): Comunicação Ok.,
39129,2025-04-08 03:26:09,67364.0,0.0,91.11,169.0,286.0,23.0,271.0,00.00.00.00,LOCAL,Val,Nenhuma,16.0,(0000): Comunicação Ok.,
39129,2025-04-08 02:55:36,67364.0,0.0,91.11,169.0,286.0,23.0,271.0,00.00.00.00,LOCAL,Val,Nenhuma,16.0,(0000): Comunicação Ok.,
39129,2025-04-08 02:25:28,67364.0,0.0,91.11,169.0,286.0,23.0,271.0,00.00.00.00,LOCAL,Val,Nenhuma,16.0,(0000): Comunicação Ok.,
39129,2025-04-08 01:54:55,67364.0,0.0,91.11,169.0,286.0,23.0,271.0,00.00.00.00,LOCAL,Val,Nenhuma,16.0,(0000): Comunicação Ok.,
39129,2025-04-08 01:23:33,67364.0,0.0,91.11,169.0,286.0,23.0,271.0,00.00.00.00,LOCAL,Val,Nenhuma,16.0,(0000): Comunicação Ok.,
39129,2025-04-08 00:53:17,67364.0,0.0,91.11,169.0,286.0,23.0,271.0,00.00.00.00,LOCAL,Val,Nenhuma,16.0,(0000): Comunicação Ok.,
39129,2025-04-08 00:23:23,67364.0,0.0,91.11,169.0,286.0,23.0,271.0,00.00.00.00,LOCAL,Val,Nenhuma,18.0,(0000): Comunicação Ok.,
39130,2025-04-09 05:54:33,67894.0,0.0,91.11,169.0,286.0,23.0,271.0,00.00.00.00,LOCAL,Val,Nenhuma,16.0,(0000): Comunicação Ok.,
39130,2025-04-09 05:24:49,67894.0,0.0,91.11,169.0,286.0,23.0,271.0,00.00.00.00,LOCAL,Val,Nenhuma,17.0,(0000): Comunicação Ok.,
39130,2025-04-09 04:53:17,67894.0,0.0,91.11,169.0,286.0,23.0,271.0,00.00.00.00,LOCAL,Val,Nenhuma,17.0,(0000): Comunicação Ok.,
39130,2025-04-09 04:24:10,67894.0,0.0,91.11,169.0,286.0,23.0,271.0,00.00.00.00,LOCAL,Val,Nenhuma,17.0,(0000): Comunicação Ok.,
39130,2025-04-09 03:53:37,67894.0,0.0,91.11,169.0,286.0,23.0,271.0,00.00.00.00,LOCAL,Val,Nenhuma,17.0,(0000): Comunicação Ok.,
39130,2025-04-09 03:23:04,67894.0,0.0,91.11,169.0,286.0,23.0,271.0,00.00.00.00,LOCAL,Val,Nenhuma,16.0,(0000): Comunicação Ok.,
39130,2025-04-09 02:52:31,67894.0,0.0,91.11,169.0,286.0,23.0,271.0,00.00.00.00,LOCAL,Val,Nenhuma,16.0,(0000): Comunicação Ok.,
39130,2025-04-09 02:22:36,67894.0,0.0,91.11,169.0,286.0,23.0,271.0,00.00.00.00,LOCAL,Val,Nenhuma,16.0,(0000): Comunicação Ok.,
39130,2025-04-09 01:51:15,67894.0,0.0,91.11,169.0,286.0,23.0,271.0,00.00.00.00,LOCAL,Val,Nenhuma,17.0,(0000): Comunicação Ok.,
39130,2025-04-09 01:20:42,67894.0,0.0,91.11,169.0,286.0,23.0,271.0,00.00.00.00,LOCAL,Val,Nenhuma,16.0,(0000): Comunicação Ok.,
39130,2025-04-09 00:50:45,67894.0,0.0,91.11,169.0,286.0,23.0,271.0,00.00.00.00,LOCAL,Val,Nenhuma,17.0,(0000): Comunicação Ok.,
39130,2025-04-09 00:20:39,67894.0,0.0,91.11,169.0,286.0,23.0,271.0,00.00.00.00,LOCAL,Val,Nenhuma,17.0,(0000): Comunicação Ok.,
39130,2025-04-08 23:49:38,67894.0,0.0,91.11,169.0,286.0,23.0,271.0,00.00.00.00,LOCAL,Val,Nenhuma,17.0,(0000): Comunicação Ok.,
39130,2025-04-08 23:19:04,67894.0,0.0,91.11,169.0,286.0,23.0,271.0,00.00.00.00,LOCAL,Val,Nenhuma,18.0,(0000): Comunicação Ok.,
39130,2025-04-08 22:48:30,67894.0,0.0,91.11,169.0,286.0,23.0,271.0,00.00.00.00,LOCAL,Val,Nenhuma,19.0,(0000): Comunicação Ok.,
39130,2025-04-08 22:18:19,67894.0,0.0,91.11,169.0,286.0,23.0,271.0,00.00.00.00,LOCAL,Val,Nenhuma,19.0,(0000): Comunicação Ok.,
39130,2025-04-08 21:48:08,67894.0,0.0,91.11,169.0,286.0,23.0,271.0,00.00.00.00,LOCAL,Val,Nenhuma,17.0,(0000): Comunicação Ok.,
39130,2025-04-08 21:17:35,67894.0,0.0,91.11,169.0,286.0,23.0,271.0,00.00.00.00,LOCAL,Val,Nenhuma,20.0,(0000): Comunicação Ok.,
39130,2025-04-08 20:46:58,67894.0,0.0,91.11,169.0,286.0,23.0,271.0,00.00.00.00,LOCAL,Val,Nenhuma,18.0,(0000): Comunicação Ok.,
39130,2025-04-08 20:16:40,67894.0,0.0,91.11,169.0,286.0,23.0,271.0,00.00.00.00,LOCAL,Val,Nenhuma,18.0,(0000): Comunicação Ok.,
39130,2025-04-08 15:19:47,67894.0,0.0,91.11,169.0,286.0,23.0,271.0,00.00.00.00,LOCAL,Val,Nenhuma,17.0,(0000): Comunicação Ok.,
39130,2025-04-08 14:49:38,67894.0,0.0,91.11,169.0,286.0,23.0,271.0,00.00.00.00,LOCAL,Val,Nenhuma,16.0,(0000): Comunicação Ok.,
39130,2025-04-08 14:18:05,67894.0,0.0,91.11,169.0,286.0,23.0,271.0,00.00.00.00,LOCAL,Val,Nenhuma,17.0,(0000): Comunicação Ok.,
39130,2025-04-08 13:48:10,67894.0,0.0,91.11,169.0,286.0,23.0,271.0,00.00.00.00,LOCAL,Val,Nenhuma,16.0,(0000): Comunicação Ok.,
39130,2025-04-08 13:17:37,67894.0,0.0,91.11,169.0,286.0,23.0,271.0,00.00.00.00,LOCAL,Val,Nenhuma,17.0,(0000): Comunicação Ok.,
39130,2025-04-08 12:47:42,67894.0,0.0,91.11,169.0,286.0,23.0,271.0,00.00.00.00,LOCAL,Val,Nenhuma,17.0,(0000): Comunicação Ok.,
39130,2025-04-08 12:17:08,67894.0,0.0,91.11,169.0,286.0,23.0,271.0,00.00.00.00,LOCAL,Val,Nenhuma,17.0,(0000): Comunicação Ok.,
39130,2025-04-08 11:46:10,67894.0,0.0,91.11,169.0,286.0,23.0,271.0,00.00.00.00,LOCAL,Val,Nenhuma,16.0,(0000): Comunicação Ok.,
39130,2025-04-08 11:15:36,67894.0,0.0,91.11,169.0,286.0,23.0,271.0,00.00.00.00,LOCAL,Val,Nenhuma,17.0,(0000): Comunicação Ok.,
39130,2025-04-08 10:46:07,67894.0,0.0,91.11,169.0,286.0,23.0,271.0,00.00.00.00,LOCAL,Val,Nenhuma,16.0,(0000): Comunicação Ok.,
39130,2025-04-08 10:16:02,67894.0,0.0,91.11,169.0,286.0,23.0,271.0,00.00.00.00,LOCAL,Val,Nenhuma,16.0,(0000): Comunicação Ok.,
39130,2025-04-08 09:44:29,67894.0,0.0,91.11,169.0,286.0,23.0,271.0,00.00.00.00,LOCAL,Val,Nenhuma,16.0,(0000): Comunicação Ok.,
39130,2025-04-08 09:14:22,67894.0,0.0,91.11,169.0,286.0,23.0,271.0,00.00.00.00,LOCAL,Val,Nenhuma,17.0,(0000): Comunicação Ok.,
39130,2025-04-08 09:02:33,67894.0,0.0,91.11,169.0,286.0,23.0,271.0,00.00.00.00,LOCAL,Val,Nenhuma,18.0,(0000): Comunicação Ok.,
39130,2025-04-08 06:08:56,67894.0,0.0,91.11,169.0,286.0,23.0,271.0,00.00.00.00,LOCAL,Val,Nenhuma,18.0,(0000): Comunicação Ok.,
39130,2025-04-08 05:39:42,67894.0,0.0,91.11,169.0,286.0,23.0,271.0,00.00.00.00,LOCAL,Val,Nenhuma,17.0,(0000): Comunicação Ok.,
39130,2025-04-08 05:09:09,67894.0,0.0,91.11,169.0,286.0,23.0,271.0,00.00.00.00,LOCAL,Val,Nenhuma,16.0,(0000): Comunicação Ok.,
39130,2025-04-08 04:39:14,67894.0,0.0,91.11,169.0,286.0,23.0,271.0,00.00.00.00,LOCAL,Val,Nenhuma,16.0,(0000): Comunicação Ok.,
39130,2025-04-08 04:08:40,67894.0,0.0,91.11,169.0,286.0,23.0,271.0,00.00.00.00,LOCAL,Val,Nenhuma,16.0,(0000): Comunicação Ok.,
39130,2025-04-08 03:38:06,67894.0,0.0,91.11,169.0,286.0,23.0,271.0,00.00.00.00,LOCAL,Val,Nenhuma,17.0,(0000): Comunicação Ok.,
39130,2025-04-08 03:07:34,67894.0,0.0,91.11,169.0,286.0,23.0,271.0,00.00.00.00,LOCAL,Val,Nenhuma,16.0,(0000): Comunicação Ok.,
39130,2025-04-08 02:38:15,67894.0,0.0,91.11,169.0,286.0,23.0,271.0,00.00.00.00,LOCAL,Val,Nenhuma,17.0,(0000): Comunicação Ok.,
39130,2025-04-08 02:06:52,67894.0,0.0,91.11,169.0,286.0,23.0,271.0,00.00.00.00,LOCAL,Val,Nenhuma,16.0,(0000): Comunicação Ok.,
39130,2025-04-08 01:36:57,67894.0,0.0,91.11,169.0,286.0,23.0,271.0,00.00.00.00,LOCAL,Val,Nenhuma,17.0,(0000): Comunicação Ok.,
39130,2025-04-08 01:06:51,67894.0,0.0,91.11,169.0,286.0,23.0,271.0,00.00.00.00,LOCAL,Val,Nenhuma,17.0,(0000): Comunicação Ok.,
39130,2025-04-08 00:36:45,67894.0,0.0,91.11,169.0,286.0,23.0,271.0,00.00.00.00,LOCAL,Val,Nenhuma,16.0,(0000): Comunicação Ok.,
39130,2025-04-08 00:06:14,67894.0,0.0,91.11,169.0,286.0,23.0,271.0,00.00.00.00,LOCAL,Val,Nenhuma,16.0,(0000): Comunicação Ok.,
39135,2025-04-09 04:34:25,67196.0,0.0,91.11,169.0,286.0,23.0,271.0,00.00.00.00,LOCAL,Val,Nenhuma,17.0,(0000): Comunicação Ok.,
39135,2025-04-09 04:03:52,67196.0,0.0,91.11,169.0,286.0,23.0,271.0,00.00.00.00,LOCAL,Val,Nenhuma,17.0,(0000): Comunicação Ok.,
39135,2025-04-09 03:33:31,67196.0,0.0,91.11,169.0,286.0,23.0,271.0,00.00.00.00,LOCAL,Val,Nenhuma,17.0,(0000): Comunicação Ok.,
39135,2025-04-09 03:02:58,67196.0,0.0,91.11,169.0,286.0,23.0,271.0,00.00.00.00,LOCAL,Val,Nenhuma,17.0,(0000): Comunicação Ok.,
39135,2025-04-09 02:33:03,67196.0,0.0,91.11,169.0,286.0,23.0,271.0,00.00.00.00,LOCAL,Val,Nenhuma,16.0,(0000): Comunicação Ok.,
39135,2025-04-09 02:01:41,67196.0,0.0,91.11,169.0,286.0,23.0,271.0,00.00.00.00,LOCAL,Val,Nenhuma,17.0,(0000): Comunicação Ok.,
39135,2025-04-09 01:31:08,67196.0,0.0,91.11,169.0,286.0,23.0,271.0,00.00.00.00,LOCAL,Val,Nenhuma,17.0,(0000): Comunicação Ok.,
39135,2025-04-09 01:01:11,67196.0,0.0,91.11,169.0,286.0,23.0,271.0,00.00.00.00,LOCAL,Val,Nenhuma,17.0,(0000): Comunicação Ok.,
39135,2025-04-09 00:31:05,67196.0,0.0,91.11,169.0,286.0,23.0,271.0,00.00.00.00,LOCAL,Val,Nenhuma,17.0,(0000): Comunicação Ok.,
39135,2025-04-09 00:00:03,67196.0,0.0,91.11,169.0,286.0,23.0,271.0,00.00.00.00,LOCAL,Val,Nenhuma,22.0,(0000): Comunicação Ok.,
39135,2025-04-08 23:29:50,67196.0,0.0,91.11,169.0,286.0,23.0,271.0,00.00.00.00,LOCAL,Val,Nenhuma,16.0,(0000): Comunicação Ok.,
39135,2025-04-08 22:59:17,67196.0,0.0,91.11,169.0,286.0,23.0,271.0,00.00.00.00,LOCAL,Val,Nenhuma,17.0,(0000): Comunicação Ok.,
39135,2025-04-08 22:29:08,67196.0,0.0,91.11,169.0,286.0,23.0,271.0,00.00.00.00,LOCAL,Val,Nenhuma,17.0,(0000): Comunicação Ok.,
39135,2025-04-08 21:59:00,67196.0,0.0,91.11,169.0,286.0,23.0,271.0,00.00.00.00,LOCAL,Val,Nenhuma,18.0,(0000): Comunicação Ok.,
39135,2025-04-08 21:28:25,67196.0,0.0,91.11,169.0,286.0,23.0,271.0,00.00.00.00,LOCAL,Val,Nenhuma,31.0,(0000): Comunicação Ok.,
39136,2025-04-09 06:07:47,67065.0,0.0,91.11,169.0,286.0,23.0,271.0,00.00.00.00,LOCAL,Val,Nenhuma,16.0,(0000): Comunicação Ok.,
39136,2025-04-09 05:37:25,67065.0,0.0,91.11,169.0,286.0,23.0,271.0,00.00.00.00,LOCAL,Val,Nenhuma,16.0,(0000): Comunicação Ok.,
39136,2025-04-09 05:07:07,67065.0,0.0,91.11,169.0,286.0,23.0,271.0,00.00.00.00,LOCAL,Val,Nenhuma,17.0,(0000): Comunicação Ok.,
39136,2025-04-09 04:37:12,67065.0,0.0,91.11,169.0,286.0,23.0,271.0,00.00.00.00,LOCAL,Val,Nenhuma,16.0,(0000): Comunicação Ok.,
39136,2025-04-09 04:06:39,67065.0,0.0,91.11,169.0,286.0,23.0,271.0,00.00.00.00,LOCAL,Val,Nenhuma,16.0,(0000): Comunicação Ok.,
39136,2025-04-09 03:36:06,67065.0,0.0,91.11,169.0,286.0,23.0,271.0,00.00.00.00,LOCAL,Val,Nenhuma,16.0,(0000): Comunicação Ok.,
39136,2025-04-09 03:05:34,67065.0,0.0,91.11,169.0,286.0,23.0,271.0,00.00.00.00,LOCAL,Val,Nenhuma,17.0,(0000): Comunicação Ok.,
39136,2025-04-09 02:35:38,67065.0,0.0,91.11,169.0,286.0,23.0,271.0,00.00.00.00,LOCAL,Val,Nenhuma,16.0,(0000): Comunicação Ok.,
39136,2025-04-09 02:05:06,67065.0,0.0,91.11,169.0,286.0,23.0,271.0,00.00.00.00,LOCAL,Val,Nenhuma,17.0,(0000): Comunicação Ok.,
39136,2025-04-09 01:35:11,67065.0,0.0,91.11,169.0,286.0,23.0,271.0,00.00.00.00,LOCAL,Val,Nenhuma,17.0,(0000): Comunicação Ok.,
39136,2025-04-09 01:05:14,67065.0,0.0,91.11,169.0,286.0,23.0,271.0,00.00.00.00,LOCAL,Val,Nenhuma,17.0,(0000): Comunicação Ok.,
39136,2025-04-09 00:34:31,67065.0,0.0,91.11,169.0,286.0,23.0,271.0,00.00.00.00,LOCAL,Val,Nenhuma,18.0,(0000): Comunicação Ok.,
39136,2025-04-09 00:03:39,67065.0,0.0,91.11,169.0,286.0,23.0,271.0,00.00.00.00,LOCAL,Val,Nenhuma,18.0,(0000): Comunicação Ok.,
39136,2025-04-08 23:33:19,67065.0,0.0,91.11,169.0,286.0,23.0,271.0,00.00.00.00,LOCAL,Val,Nenhuma,17.0,(0000): Comunicação Ok.,
39136,2025-04-08 23:02:34,67065.0,0.0,91.11,169.0,286.0,23.0,271.0,00.00.00.00,LOCAL,Val,Nenhuma,18.0,(0000): Comunicação Ok.,
39136,2025-04-08 22:32:24,67065.0,0.0,91.11,169.0,286.0,23.0,271.0,00.00.00.00,LOCAL,Val,Nenhuma,17.0,(0000): Comunicação Ok.,
39136,2025-04-08 22:02:15,67065.0,0.0,91.11,169.0,286.0,23.0,271.0,00.00.00.00,LOCAL,Val,Nenhuma,17.0,(0000): Comunicação Ok.,
39136,2025-04-08 21:31:42,67065.0,0.0,91.11,169.0,286.0,23.0,271.0,00.00.00.00,LOCAL,Val,Nenhuma,32.0,(0000): Comunicação Ok.,
39136,2025-04-08 21:00:37,67065.0,0.0,91.11,169.0,286.0,23.0,271.0,00.00.00.00,LOCAL,Val,Nenhuma,95.0,(0000): Comunicação Ok.,
39141,2025-04-09 04:46:32,66714.0,0.0,91.11,169.0,286.0,23.0,271.0,00.00.00.00,LOCAL,Val,Nenhuma,17.0,(0000): Comunicação Ok.,
39141,2025-04-09 04:15:58,66714.0,0.0,91.11,169.0,286.0,23.0,271.0,00.00.00.00,LOCAL,Val,Nenhuma,16.0,(0000): Comunicação Ok.,
39141,2025-04-09 03:45:26,66714.0,0.0,91.11,169.0,286.0,23.0,271.0,00.00.00.00,LOCAL,Val,Nenhuma,17.0,(0000): Comunicação Ok.,
39141,2025-04-09 03:14:53,66714.0,0.0,91.11,169.0,286.0,23.0,271.0,00.00.00.00,LOCAL,Val,Nenhuma,16.0,(0000): Comunicação Ok.,
39141,2025-04-09 02:44:58,66714.0,0.0,91.11,169.0,286.0,23.0,271.0,00.00.00.00,LOCAL,Val,Nenhuma,17.0,(0000): Comunicação Ok.,
39141,2025-04-09 02:14:25,66714.0,0.0,91.11,169.0,286.0,23.0,271.0,00.00.00.00,LOCAL,Val,Nenhuma,16.0,(0000): Comunicação Ok.,
39141,2025-04-09 01:44:31,66714.0,0.0,91.11,169.0,286.0,23.0,271.0,00.00.00.00,LOCAL,Val,Nenhuma,16.0,(0000): Comunicação Ok.,
39141,2025-04-09 01:14:09,66714.0,0.0,91.11,169.0,286.0,23.0,271.0,00.00.00.00,LOCAL,Val,Nenhuma,17.0,(0000): Comunicação Ok.,
39141,2025-04-09 00:43:26,66714.0,0.0,91.11,169.0,286.0,23.0,271.0,00.00.00.00,LOCAL,Val,Nenhuma,16.0,(0000): Comunicação Ok.,
39141,2025-04-09 00:12:37,66714.0,0.0,91.11,169.0,286.0,23.0,271.0,00.00.00.00,LOCAL,Val,Nenhuma,17.0,(0000): Comunicação Ok.,
39141,2025-04-08 23:42:18,66714.0,0.0,91.11,169.0,286.0,23.0,271.0,00.00.00.00,LOCAL,Val,Nenhuma,17.0,(0000): Comunicação Ok.,
39141,2025-04-08 23:12:22,66714.0,0.0,91.11,169.0,286.0,23.0,271.0,00.00.00.00,LOCAL,Val,Nenhuma,17.0,(0000): Comunicação Ok.,
39141,2025-04-08 22:41:49,66714.0,0.0,91.11,169.0,286.0,23.0,271.0,00.00.00.00,LOCAL,Val,Nenhuma,17.0,(0000): Comunicação Ok.,
39141,2025-04-08 22:11:30,66714.0,0.0,91.11,169.0,286.0,23.0,271.0,00.00.00.00,LOCAL,Val,Nenhuma,17.0,(0000): Comunicação Ok.,
39141,2025-04-08 21:41:34,66714.0,0.0,91.11,169.0,286.0,23.0,271.0,00.00.00.00,LOCAL,Val,Nenhuma,149.0,(0000): Comunicação Ok.,
39141,2025-04-08 05:27:13,66714.0,0.0,91.11,169.0,286.0,23.0,271.0,00.00.00.00,LOCAL,Val,Nenhuma,16.0,(0000): Comunicação Ok.,
39141,2025-04-08 04:56:40,66714.0,0.0,91.11,169.0,286.0,23.0,271.0,00.00.00.00,LOCAL,Val,Nenhuma,17.0,(0000): Comunicação Ok.,
39141,2025-04-08 04:25:17,66714.0,0.0,91.11,169.0,286.0,23.0,271.0,00.00.00.00,LOCAL,Val,Nenhuma,16.0,(0000): Comunicação Ok.,
39141,2025-04-08 03:56:11,66714.0,0.0,91.11,169.0,286.0,23.0,271.0,00.00.00.00,LOCAL,Val,Nenhuma,16.0,(0000): Comunicação Ok.,
39141,2025-04-08 03:25:38,66714.0,0.0,91.11,169.0,286.0,23.0,271.0,00.00.00.00,LOCAL,Val,Nenhuma,17.0,(0000): Comunicação Ok.,
39141,2025-04-08 02:55:05,66714.0,0.0,91.11,169.0,286.0,23.0,271.0,00.00.00.00,LOCAL,Val,Nenhuma,17.0,(0000): Comunicação Ok.,
39141,2025-04-08 02:24:30,66714.0,0.0,91.11,169.0,286.0,23.0,271.0,00.00.00.00,LOCAL,Val,Nenhuma,16.0,(0000): Comunicação Ok.,
39141,2025-04-08 01:53:57,66714.0,0.0,91.11,169.0,286.0,23.0,271.0,00.00.00.00,LOCAL,Val,Nenhuma,16.0,(0000): Comunicação Ok.,
39141,2025-04-08 01:22:36,66714.0,0.0,91.11,169.0,286.0,23.0,271.0,00.00.00.00,LOCAL,Val,Nenhuma,17.0,(0000): Comunicação Ok.,
39141,2025-04-08 00:52:20,66714.0,0.0,91.11,169.0,286.0,23.0,271.0,00.00.00.00,LOCAL,Val,Nenhuma,17.0,(0000): Comunicação Ok.,
39141,2025-04-08 00:22:24,66714.0,0.0,91.11,169.0,286.0,23.0,271.0,00.00.00.00,LOCAL,Val,Nenhuma,16.0,(0000): Comunicação Ok.,
39142,2025-04-09 04:58:50,67702.0,0.0,91.11,169.0,286.0,23.0,271.0,00.00.00.00,LOCAL,Val,Nenhuma,17.0,(0000): Comunicação Ok.,
39142,2025-04-09 04:29:43,67702.0,0.0,91.11,169.0,286.0,23.0,271.0,00.00.00.00,LOCAL,Val,Nenhuma,16.0,(0000): Comunicação Ok.,
39142,2025-04-09 03:59:10,67702.0,0.0,91.11,169.0,286.0,23.0,271.0,00.00.00.00,LOCAL,Val,Nenhuma,16.0,(0000): Comunicação Ok.,
39142,2025-04-09 03:28:38,67702.0,0.0,91.11,169.0,286.0,23.0,271.0,00.00.00.00,LOCAL,Val,Nenhuma,17.0,(0000): Comunicação Ok.,
39142,2025-04-09 02:58:04,67702.0,0.0,91.11,169.0,286.0,23.0,271.0,00.00.00.00,LOCAL,Val,Nenhuma,17.0,(0000): Comunicação Ok.,
39142,2025-04-09 02:28:09,67702.0,0.0,91.11,169.0,286.0,23.0,271.0,00.00.00.00,LOCAL,Val,Nenhuma,17.0,(0000): Comunicação Ok.,
39142,2025-04-09 01:56:47,67702.0,0.0,91.11,169.0,286.0,23.0,271.0,00.00.00.00,LOCAL,Val,Nenhuma,17.0,(0000): Comunicação Ok.,
39142,2025-04-09 01:26:15,67702.0,0.0,91.11,169.0,286.0,23.0,271.0,00.00.00.00,LOCAL,Val,Nenhuma,16.0,(0000): Comunicação Ok.,
39142,2025-04-09 00:56:18,67702.0,0.0,91.11,169.0,286.0,23.0,271.0,00.00.00.00,LOCAL,Val,Nenhuma,17.0,(0000): Comunicação Ok.,
39142,2025-04-09 00:26:12,67702.0,0.0,91.11,169.0,286.0,23.0,271.0,00.00.00.00,LOCAL,Val,Nenhuma,17.0,(0000): Comunicação Ok.,
39142,2025-04-08 23:55:10,67702.0,0.0,91.11,169.0,286.0,23.0,271.0,00.00.00.00,LOCAL,Val,Nenhuma,17.0,(0000): Comunicação Ok.,
39142,2025-04-08 23:25:03,67702.0,0.0,91.11,169.0,286.0,23.0,271.0,00.00.00.00,LOCAL,Val,Nenhuma,17.0,(0000): Comunicação Ok.,
39142,2025-04-08 22:54:29,67702.0,0.0,91.11,169.0,286.0,23.0,271.0,00.00.00.00,LOCAL,Val,Nenhuma,22.0,(0000): Comunicação Ok.,
39142,2025-04-08 22:24:15,67702.0,0.0,91.11,169.0,286.0,23.0,271.0,00.00.00.00,LOCAL,Val,Nenhuma,16.0,(0000): Comunicação Ok.,
39142,2025-04-08 21:54:07,67702.0,0.0,91.11,169.0,286.0,23.0,271.0,00.00.00.00,LOCAL,Val,Nenhuma,17.0,(0000): Comunicação Ok.,
39142,2025-04-08 21:23:34,67702.0,0.0,91.11,169.0,286.0,23.0,271.0,00.00.00.00,LOCAL,Val,Nenhuma,31.0,(0000): Comunicação Ok.,
39142,2025-04-08 05:46:08,67702.0,0.0,91.11,169.0,286.0,23.0,271.0,00.00.00.00,LOCAL,Val,Nenhuma,16.0,(0000): Comunicação Ok.,
39142,2025-04-08 05:16:12,67702.0,0.0,91.11,169.0,286.0,23.0,271.0,00.00.00.00,LOCAL,Val,Nenhuma,17.0,(0000): Comunicação Ok.,
39142,2025-04-08 04:45:38,67702.0,0.0,91.11,169.0,286.0,23.0,271.0,00.00.00.00,LOCAL,Val,Nenhuma,24.0,(0000): Comunicação Ok.,
39142,2025-04-08 04:14:08,67702.0,0.0,91.11,169.0,286.0,23.0,271.0,00.00.00.00,LOCAL,Val,Nenhuma,16.0,(0000): Comunicação Ok.,
39142,2025-04-08 03:45:01,67702.0,0.0,91.11,169.0,286.0,23.0,271.0,00.00.00.00,LOCAL,Val,Nenhuma,17.0,(0000): Comunicação Ok.,
39142,2025-04-08 03:14:28,67702.0,0.0,91.11,169.0,286.0,23.0,271.0,00.00.00.00,LOCAL,Val,Nenhuma,16.0,(0000): Comunicação Ok.,
39142,2025-04-08 02:44:21,67702.0,0.0,91.11,169.0,286.0,23.0,271.0,00.00.00.00,LOCAL,Val,Nenhuma,16.0,(0000): Comunicação Ok.,
39142,2025-04-08 02:12:58,67702.0,0.0,91.11,169.0,286.0,23.0,271.0,00.00.00.00,LOCAL,Val,Nenhuma,16.0,(0000): Comunicação Ok.,
39142,2025-04-08 01:43:02,67702.0,0.0,91.11,169.0,286.0,23.0,271.0,00.00.00.00,LOCAL,Val,Nenhuma,16.0,(0000): Comunicação Ok.,
39142,2025-04-08 01:35:07,67702.0,0.0,91.11,169.0,286.0,23.0,271.0,00.00.00.00,LOCAL,Val,Nenhuma,16.0,(0000): Comunicação Ok.,
39142,2025-04-08 01:05:01,67702.0,0.0,91.11,169.0,286.0,23.0,271.0,00.00.00.00,LOCAL,Val,Nenhuma,17.0,(0000): Comunicação Ok.,
39142,2025-04-08 00:34:56,67702.0,0.0,91.11,169.0,286.0,23.0,271.0,00.00.00.00,LOCAL,Val,Nenhuma,17.0,(0000): Comunicação Ok.,
39142,2025-04-08 00:04:25,67702.0,0.0,91.11,169.0,286.0,23.0,271.0,00.00.00.00,LOCAL,Val,Nenhuma,17.0,(0000): Comunicação Ok.,
39502,2025-04-09 05:05:51,66550.0,0.0,91.11,169.0,286.0,23.0,271.0,00.00.00.00,LOCAL,Val,Nenhuma,17.0,(0000): Comunicação Ok.,
39502,2025-04-09 04:35:30,66550.0,0.0,91.11,169.0,286.0,23.0,271.0,00.00.00.00,LOCAL,Val,Nenhuma,17.0,(0000): Comunicação Ok.,
39502,2025-04-09 04:04:57,66550.0,0.0,91.11,169.0,286.0,23.0,271.0,00.00.00.00,LOCAL,Val,Nenhuma,17.0,(0000): Comunicação Ok.,
39502,2025-04-09 03:34:25,66550.0,0.0,91.11,169.0,286.0,23.0,271.0,00.00.00.00,LOCAL,Val,Nenhuma,17.0,(0000): Comunicação Ok.,
39502,2025-04-09 03:03:26,66550.0,0.0,91.11,169.0,286.0,23.0,271.0,00.00.00.00,LOCAL,Val,Nenhuma,17.0,(0000): Comunicação Ok.,
39502,2025-04-09 02:33:31,66550.0,0.0,91.11,169.0,286.0,23.0,271.0,00.00.00.00,LOCAL,Val,Nenhuma,17.0,(0000): Comunicação Ok.,
39502,2025-04-09 02:02:32,66550.0,0.0,91.11,169.0,286.0,23.0,271.0,00.00.00.00,LOCAL,Val,Nenhuma,17.0,(0000): Comunicação Ok.,
39502,2025-04-09 01:32:38,66550.0,0.0,91.11,169.0,286.0,23.0,271.0,00.00.00.00,LOCAL,Val,Nenhuma,19.0,(0000): Comunicação Ok.,
39502,2025-04-09 01:01:51,66550.0,0.0,91.11,169.0,286.0,23.0,271.0,00.00.00.00,LOCAL,Val,Nenhuma,17.0,(0000): Comunicação Ok.,
39502,2025-04-09 00:31:44,66550.0,0.0,91.11,169.0,286.0,23.0,271.0,00.00.00.00,LOCAL,Val,Nenhuma,17.0,(0000): Comunicação Ok.,
39502,2025-04-09 00:00:43,66550.0,0.0,91.11,169.0,286.0,23.0,271.0,00.00.00.00,LOCAL,Val,Nenhuma,22.0,(0000): Comunicação Ok.,
39502,2025-04-08 23:30:30,66550.0,0.0,91.11,169.0,286.0,23.0,271.0,00.00.00.00,LOCAL,Val,Nenhuma,19.0,(0000): Comunicação Ok.,
39502,2025-04-08 05:28:23,66550.0,0.0,91.11,169.0,286.0,23.0,271.0,00.00.00.00,LOCAL,Val,Nenhuma,17.0,(0000): Comunicação Ok.,
39502,2025-04-08 04:58:27,66550.0,0.0,91.11,169.0,286.0,23.0,271.0,00.00.00.00,LOCAL,Val,Nenhuma,25.0,(0000): Comunicação Ok.,
39502,2025-04-08 04:26:56,66550.0,0.0,91.11,169.0,286.0,23.0,271.0,00.00.00.00,LOCAL,Val,Nenhuma,17.0,(0000): Comunicação Ok.,
39502,2025-04-08 03:57:48,66550.0,0.0,91.11,169.0,286.0,23.0,271.0,00.00.00.00,LOCAL,Val,Nenhuma,17.0,(0000): Comunicação Ok.,
39502,2025-04-08 03:27:16,66550.0,0.0,91.11,169.0,286.0,23.0,271.0,00.00.00.00,LOCAL,Val,Nenhuma,16.0,(0000): Comunicação Ok.,
39502,2025-04-08 02:56:44,66550.0,0.0,91.11,169.0,286.0,23.0,271.0,00.00.00.00,LOCAL,Val,Nenhuma,17.0,(0000): Comunicação Ok.,
39502,2025-04-08 02:26:35,66550.0,0.0,91.11,169.0,286.0,23.0,271.0,00.00.00.00,LOCAL,Val,Nenhuma,16.0,(0000): Comunicação Ok.,
39502,2025-04-08 01:56:01,66550.0,0.0,91.11,169.0,286.0,23.0,271.0,00.00.00.00,LOCAL,Val,Nenhuma,16.0,(0000): Comunicação Ok.,
39502,2025-04-08 01:24:40,66550.0,0.0,91.11,169.0,286.0,23.0,271.0,00.00.00.00,LOCAL,Val,Nenhuma,16.0,(0000): Comunicação Ok.,
39502,2025-04-08 00:54:23,66550.0,0.0,91.11,169.0,286.0,23.0,271.0,00.00.00.00,LOCAL,Val,Nenhuma,16.0,(0000): Comunicação Ok.,
39502,2025-04-08 00:24:28,66550.0,0.0,91.11,169.0,286.0,23.0,271.0,00.00.00.00,LOCAL,Val,Nenhuma,17.0,(0000): Comunicação Ok.,
39505,2025-04-08 00:07:29,66110.0,0.0,91.11,169.0,286.0,23.0,271.0,00.00.00.00,LOCAL,Val,Nenhuma,16.0,(0000): Comunicação Ok.,
39509,2025-04-09 05:54:36,66193.0,0.0,91.11,169.0,286.0,23.0,271.0,00.00.00.00,LOCAL,Val,Nenhuma,16.0,(0000): Comunicação Ok.,
39509,2025-04-09 05:25:18,66193.0,0.0,91.11,169.0,286.0,23.0,271.0,00.00.00.00,LOCAL,Val,Nenhuma,16.0,(0000): Comunicação Ok.,
39509,2025-04-09 04:53:46,66193.0,0.0,91.11,169.0,286.0,23.0,271.0,00.00.00.00,LOCAL,Val,Nenhuma,16.0,(0000): Comunicação Ok.,
39509,2025-04-09 04:24:39,66193.0,0.0,91.11,169.0,286.0,23.0,271.0,00.00.00.00,LOCAL,Val,Nenhuma,16.0,(0000): Comunicação Ok.,
39509,2025-04-09 03:54:07,66193.0,0.0,91.11,169.0,286.0,23.0,271.0,00.00.00.00,LOCAL,Val,Nenhuma,16.0,(0000): Comunicação Ok.,
39509,2025-04-09 03:23:34,66193.0,0.0,91.11,169.0,286.0,23.0,271.0,00.00.00.00,LOCAL,Val,Nenhuma,17.0,(0000): Comunicação Ok.,
39509,2025-04-09 02:53:01,66193.0,0.0,91.11,169.0,286.0,23.0,271.0,00.00.00.00,LOCAL,Val,Nenhuma,16.0,(0000): Comunicação Ok.,
39509,2025-04-09 02:23:07,66193.0,0.0,91.11,169.0,286.0,23.0,271.0,00.00.00.00,LOCAL,Val,Nenhuma,16.0,(0000): Comunicação Ok.,
39509,2025-04-09 01:51:45,66193.0,0.0,91.11,169.0,286.0,23.0,271.0,00.00.00.00,LOCAL,Val,Nenhuma,17.0,(0000): Comunicação Ok.,
39509,2025-04-09 01:21:13,66193.0,0.0,91.11,169.0,286.0,23.0,271.0,00.00.00.00,LOCAL,Val,Nenhuma,16.0,(0000): Comunicação Ok.,
39509,2025-04-09 00:51:19,66193.0,0.0,91.11,169.0,286.0,23.0,271.0,00.00.00.00,LOCAL,Val,Nenhuma,16.0,(0000): Comunicação Ok.,
39509,2025-04-09 00:21:13,66193.0,0.0,91.11,169.0,286.0,23.0,271.0,00.00.00.00,LOCAL,Val,Nenhuma,16.0,(0000): Comunicação Ok.,
39509,2025-04-08 23:50:12,66193.0,0.0,91.11,169.0,286.0,23.0,271.0,00.00.00.00,LOCAL,Val,Nenhuma,16.0,(0000): Comunicação Ok.,
39509,2025-04-08 23:20:04,66193.0,0.0,91.11,169.0,286.0,23.0,271.0,00.00.00.00,LOCAL,Val,Nenhuma,16.0,(0000): Comunicação Ok.,
39509,2025-04-08 22:49:31,66193.0,0.0,91.11,169.0,286.0,23.0,271.0,00.00.00.00,LOCAL,Val,Nenhuma,25.0,(0000): Comunicação Ok.,
39509,2025-04-08 04:48:35,66193.0,0.0,91.11,169.0,286.0,23.0,271.0,00.00.00.00,LOCAL,Val,Nenhuma,19.0,(0000): Comunicação Ok.,
39509,2025-04-08 04:17:10,66193.0,0.0,91.11,169.0,286.0,23.0,271.0,00.00.00.00,LOCAL,Val,Nenhuma,17.0,(0000): Comunicação Ok.,
39509,2025-04-08 03:48:02,66193.0,0.0,91.11,169.0,286.0,23.0,271.0,00.00.00.00,LOCAL,Val,Nenhuma,16.0,(0000): Comunicação Ok.,
39509,2025-04-08 03:17:30,66193.0,0.0,91.11,169.0,286.0,23.0,271.0,00.00.00.00,LOCAL,Val,Nenhuma,16.0,(0000): Comunicação Ok.,
39509,2025-04-08 02:46:57,66193.0,0.0,91.11,169.0,286.0,23.0,271.0,00.00.00.00,LOCAL,Val,Nenhuma,16.0,(0000): Comunicação Ok.,
39509,2025-04-08 02:16:48,66193.0,0.0,91.11,169.0,286.0,23.0,271.0,00.00.00.00,LOCAL,Val,Nenhuma,16.0,(0000): Comunicação Ok.,
39509,2025-04-08 01:46:15,66193.0,0.0,91.11,169.0,286.0,23.0,271.0,00.00.00.00,LOCAL,Val,Nenhuma,16.0,(0000): Comunicação Ok.,
39509,2025-04-08 01:14:54,66193.0,0.0,91.11,169.0,286.0,23.0,271.0,00.00.00.00,LOCAL,Val,Nenhuma,17.0,(0000): Comunicação Ok.,
39509,2025-04-08 00:45:53,66193.0,0.0,91.11,169.0,286.0,23.0,271.0,00.00.00.00,LOCAL,Val,Nenhuma,16.0,(0000): Comunicação Ok.,
39509,2025-04-08 00:14:56,66193.0,0.0,91.11,169.0,286.0,23.0,271.0,00.00.00.00,LOCAL,Val,Nenhuma,17.0,(0000): Comunicação Ok.,
39512,2025-04-09 04:15:31,66924.0,0.0,91.11,169.0,286.0,23.0,271.0,00.00.00.00,LOCAL,Val,Nenhuma,16.0,(0000): Comunicação Ok.,
39512,2025-04-09 03:45:00,66924.0,0.0,91.11,169.0,286.0,23.0,271.0,00.00.00.00,LOCAL,Val,Nenhuma,17.0,(0000): Comunicação Ok.,
39512,2025-04-09 03:14:26,66924.0,0.0,91.11,169.0,286.0,23.0,271.0,00.00.00.00,LOCAL,Val,Nenhuma,16.0,(0000): Comunicação Ok.,
39512,2025-04-09 02:44:31,66924.0,0.0,91.11,169.0,286.0,23.0,271.0,00.00.00.00,LOCAL,Val,Nenhuma,17.0,(0000): Comunicação Ok.,
39512,2025-04-09 02:13:58,66924.0,0.0,91.11,169.0,286.0,23.0,271.0,00.00.00.00,LOCAL,Val,Nenhuma,16.0,(0000): Comunicação Ok.,
39512,2025-04-09 01:44:03,66924.0,0.0,91.11,169.0,286.0,23.0,271.0,00.00.00.00,LOCAL,Val,Nenhuma,16.0,(0000): Comunicação Ok.,
39512,2025-04-09 01:14:07,66924.0,0.0,91.11,169.0,286.0,23.0,271.0,00.00.00.00,LOCAL,Val,Nenhuma,17.0,(0000): Comunicação Ok.,
39512,2025-04-09 00:43:24,66924.0,0.0,91.11,169.0,286.0,23.0,271.0,00.00.00.00,LOCAL,Val,Nenhuma,17.0,(0000): Comunicação Ok.,
39512,2025-04-09 00:12:33,66924.0,0.0,91.11,169.0,286.0,23.0,271.0,00.00.00.00,LOCAL,Val,Nenhuma,27.0,(0000): Comunicação Ok.,
39512,2025-04-08 23:42:04,66924.0,0.0,91.11,169.0,286.0,23.0,271.0,00.00.00.00,LOCAL,Val,Nenhuma,20.0,(0000): Comunicação Ok.,
39512,2025-04-08 23:12:05,66924.0,0.0,91.11,169.0,286.0,23.0,271.0,00.00.00.00,LOCAL,Val,Nenhuma,16.0,(0000): Comunicação Ok.,
39512,2025-04-08 22:41:32,66924.0,0.0,91.11,169.0,286.0,23.0,271.0,00.00.00.00,LOCAL,Val,Nenhuma,18.0,(0000): Comunicação Ok.,
39512,2025-04-08 22:11:11,66924.0,0.0,91.11,169.0,286.0,23.0,271.0,00.00.00.00,LOCAL,Val,Nenhuma,22.0,(0000): Comunicação Ok.,
39512,2025-04-08 21:41:09,66924.0,0.0,91.11,169.0,286.0,23.0,271.0,00.00.00.00,LOCAL,Val,Nenhuma,21.0,(0000): Comunicação Ok.,
39512,2025-04-08 21:09:59,66924.0,0.0,91.11,169.0,286.0,23.0,271.0,00.00.00.00,LOCAL,Val,Nenhuma,17.0,(0000): Comunicação Ok.,
39512,2025-04-08 20:39:20,66924.0,0.0,91.11,169.0,286.0,23.0,271.0,00.00.00.00,LOCAL,Val,Nenhuma,18.0,(0000): Comunicação Ok.,
39512,2025-04-08 20:09:02,66924.0,0.0,91.11,169.0,286.0,23.0,271.0,00.00.00.00,LOCAL,Val,Nenhuma,16.0,(0000): Comunicação Ok.,
39512,2025-04-08 19:38:42,66924.0,0.0,91.11,169.0,286.0,23.0,271.0,00.00.00.00,LOCAL,Val,Nenhuma,16.0,(0000): Comunicação Ok.,
39512,2025-04-08 19:07:57,66924.0,0.0,91.11,169.0,286.0,23.0,271.0,00.00.00.00,LOCAL,Val,Nenhuma,23.0,(0000): Comunicação Ok.,
39512,2025-04-08 04:14:30,66924.0,0.0,91.11,169.0,286.0,23.0,271.0,00.00.00.00,LOCAL,Val,Nenhuma,16.0,(0000): Comunicação Ok.,
39512,2025-04-08 03:45:23,66924.0,0.0,91.11,169.0,286.0,23.0,271.0,00.00.00.00,LOCAL,Val,Nenhuma,16.0,(0000): Comunicação Ok.,
39512,2025-04-08 03:14:52,66924.0,0.0,91.11,169.0,286.0,23.0,271.0,00.00.00.00,LOCAL,Val,Nenhuma,16.0,(0000): Comunicação Ok.,
39512,2025-04-08 02:44:19,66924.0,0.0,91.11,169.0,286.0,23.0,271.0,00.00.00.00,LOCAL,Val,Nenhuma,16.0,(0000): Comunicação Ok.,
39512,2025-04-08 02:13:22,66924.0,0.0,91.11,169.0,286.0,23.0,271.0,00.00.00.00,LOCAL,Val,Nenhuma,16.0,(0000): Comunicação Ok.,
39512,2025-04-08 01:43:26,66924.0,0.0,91.11,169.0,286.0,23.0,271.0,00.00.00.00,LOCAL,Val,Nenhuma,16.0,(0000): Comunicação Ok.,
39512,2025-04-08 01:13:21,66924.0,0.0,91.11,169.0,286.0,23.0,271.0,00.00.00.00,LOCAL,Val,Nenhuma,16.0,(0000): Comunicação Ok.,
39512,2025-04-08 00:43:15,66924.0,0.0,91.11,169.0,286.0,23.0,271.0,00.00.00.00,LOCAL,Val,Nenhuma,16.0,(0000): Comunicação Ok.,
39512,2025-04-08 00:12:45,66924.0,0.0,91.11,169.0,286.0,23.0,271.0,00.00.00.00,LOCAL,Val,Nenhuma,17.0,(0000): Comunicação Ok.,
39516,2025-04-09 04:58:40,67814.0,0.0,91.11,169.0,286.0,23.0,271.0,00.00.00.00,LOCAL,Val,Nenhuma,17.0,(0000): Comunicação Ok.,
39516,2025-04-09 04:29:34,67814.0,0.0,91.11,169.0,286.0,23.0,271.0,00.00.00.00,LOCAL,Val,Nenhuma,17.0,(0000): Comunicação Ok.,
39516,2025-04-09 03:59:01,67814.0,0.0,91.11,169.0,286.0,23.0,271.0,00.00.00.00,LOCAL,Val,Nenhuma,17.0,(0000): Comunicação Ok.,
39516,2025-04-09 03:28:29,67814.0,0.0,91.11,169.0,286.0,23.0,271.0,00.00.00.00,LOCAL,Val,Nenhuma,17.0,(0000): Comunicação Ok.,
39516,2025-04-09 02:57:55,67814.0,0.0,91.11,169.0,286.0,23.0,271.0,00.00.00.00,LOCAL,Val,Nenhuma,16.0,(0000): Comunicação Ok.,
39516,2025-04-09 02:28:01,67814.0,0.0,91.11,169.0,286.0,23.0,271.0,00.00.00.00,LOCAL,Val,Nenhuma,17.0,(0000): Comunicação Ok.,
39516,2025-04-09 01:56:39,67814.0,0.0,91.11,169.0,286.0,23.0,271.0,00.00.00.00,LOCAL,Val,Nenhuma,17.0,(0000): Comunicação Ok.,
39516,2025-04-09 01:26:06,67814.0,0.0,91.11,169.0,286.0,23.0,271.0,00.00.00.00,LOCAL,Val,Nenhuma,17.0,(0000): Comunicação Ok.,
39516,2025-04-09 00:56:10,67814.0,0.0,91.11,169.0,286.0,23.0,271.0,00.00.00.00,LOCAL,Val,Nenhuma,17.0,(0000): Comunicação Ok.,
39516,2025-04-09 00:26:03,67814.0,0.0,91.11,169.0,286.0,23.0,271.0,00.00.00.00,LOCAL,Val,Nenhuma,17.0,(0000): Comunicação Ok.,
39516,2025-04-08 23:55:02,67814.0,0.0,91.11,169.0,286.0,23.0,271.0,00.00.00.00,LOCAL,Val,Nenhuma,20.0,(0000): Comunicação Ok.,
39516,2025-04-08 04:51:59,67814.0,0.0,91.11,169.0,286.0,23.0,271.0,00.00.00.00,LOCAL,Val,Nenhuma,17.0,(0000): Comunicação Ok.,
39516,2025-04-08 04:20:36,67814.0,0.0,91.11,169.0,286.0,23.0,271.0,00.00.00.00,LOCAL,Val,Nenhuma,16.0,(0000): Comunicação Ok.,
39516,2025-04-08 03:51:29,67814.0,0.0,91.11,169.0,286.0,23.0,271.0,00.00.00.00,LOCAL,Val,Nenhuma,16.0,(0000): Comunicação Ok.,
39516,2025-04-08 03:20:56,67814.0,0.0,91.11,169.0,286.0,23.0,271.0,00.00.00.00,LOCAL,Val,Nenhuma,16.0,(0000): Comunicação Ok.,
39516,2025-04-08 02:50:23,67814.0,0.0,91.11,169.0,286.0,23.0,271.0,00.00.00.00,LOCAL,Val,Nenhuma,16.0,(0000): Comunicação Ok.,
39516,2025-04-08 02:20:16,67814.0,0.0,91.11,169.0,286.0,23.0,271.0,00.00.00.00,LOCAL,Val,Nenhuma,16.0,(0000): Comunicação Ok.,
39516,2025-04-08 01:49:42,67814.0,0.0,91.11,169.0,286.0,23.0,271.0,00.00.00.00,LOCAL,Val,Nenhuma,16.0,(0000): Comunicação Ok.,
39516,2025-04-08 01:18:21,67814.0,0.0,91.11,169.0,286.0,23.0,271.0,00.00.00.00,LOCAL,Val,Nenhuma,16.0,(0000): Comunicação Ok.,
39516,2025-04-08 00:48:05,67814.0,0.0,91.11,169.0,286.0,23.0,271.0,00.00.00.00,LOCAL,Val,Nenhuma,16.0,(0000): Comunicação Ok.,
39516,2025-04-08 00:18:11,67814.0,0.0,91.11,169.0,286.0,23.0,271.0,00.00.00.00,LOCAL,Val,Nenhuma,16.0,(0000): Comunicação Ok.,
39531,2025-04-09 04:50:42,68081.0,0.0,91.11,169.0,286.0,23.0,271.0,00.00.00.00,BD3043,Val,Nenhuma,17.0,(0000): Comunicação Ok.,
39531,2025-04-09 04:21:36,68081.0,0.0,91.11,169.0,286.0,23.0,271.0,00.00.00.00,BD3043,Val,Nenhuma,16.0,(0000): Comunicação Ok.,
39531,2025-04-09 03:51:04,68081.0,0.0,91.11,169.0,286.0,23.0,271.0,00.00.00.00,BD3043,Val,Nenhuma,16.0,(0000): Comunicação Ok.,
39531,2025-04-09 03:20:31,68081.0,0.0,91.11,169.0,286.0,23.0,271.0,00.00.00.00,BD3043,Val,Nenhuma,17.0,(0000): Comunicação Ok.,
39531,2025-04-09 02:49:58,68081.0,0.0,91.11,169.0,286.0,23.0,271.0,00.00.00.00,BD3043,Val,Nenhuma,17.0,(0000): Comunicação Ok.,
39531,2025-04-09 02:20:03,68081.0,0.0,91.11,169.0,286.0,23.0,271.0,00.00.00.00,BD3043,Val,Nenhuma,16.0,(0000): Comunicação Ok.,
39531,2025-04-09 01:48:42,68081.0,0.0,91.11,169.0,286.0,23.0,271.0,00.00.00.00,BD3043,Val,Nenhuma,17.0,(0000): Comunicação Ok.,
39531,2025-04-09 01:18:10,68081.0,0.0,91.11,169.0,286.0,23.0,271.0,00.00.00.00,BD3043,Val,Nenhuma,17.0,(0000): Comunicação Ok.,
39531,2025-04-09 00:48:14,68081.0,0.0,91.11,169.0,286.0,23.0,271.0,00.00.00.00,BD3043,Val,Nenhuma,17.0,(0000): Comunicação Ok.,
39531,2025-04-09 00:18:07,68081.0,0.0,91.11,169.0,286.0,23.0,271.0,00.00.00.00,BD3043,Val,Nenhuma,17.0,(0000): Comunicação Ok.,
39531,2025-04-08 23:47:06,68081.0,0.0,91.11,169.0,286.0,23.0,271.0,00.00.00.00,BD3043,Val,Nenhuma,17.0,(0000): Comunicação Ok.,
39531,2025-04-08 23:17:36,68081.0,0.0,91.11,169.0,286.0,23.0,271.0,00.00.00.00,BD3043,Val,Nenhuma,17.0,(0000): Comunicação Ok.,
39531,2025-04-08 22:47:02,68081.0,0.0,91.11,169.0,286.0,23.0,271.0,00.00.00.00,BD3043,Val,Nenhuma,25.0,(0000): Comunicação Ok.,
39531,2025-04-08 05:27:36,68081.0,0.0,91.11,169.0,286.0,23.0,271.0,00.00.00.00,BD3043,Val,Nenhuma,17.0,(0000): Comunicação Ok.,
39531,2025-04-08 04:57:02,68081.0,0.0,91.11,169.0,286.0,23.0,271.0,00.00.00.00,BD3043,Val,Nenhuma,17.0,(0000): Comunicação Ok.,
39531,2025-04-08 04:25:40,68081.0,0.0,91.11,169.0,286.0,23.0,271.0,00.00.00.00,BD3043,Val,Nenhuma,17.0,(0000): Comunicação Ok.,
39531,2025-04-08 03:56:32,68081.0,0.0,91.11,169.0,286.0,23.0,271.0,00.00.00.00,BD3043,Val,Nenhuma,16.0,(0000): Comunicação Ok.,
39531,2025-04-08 03:26:00,68081.0,0.0,91.11,169.0,286.0,23.0,271.0,00.00.00.00,BD3043,Val,Nenhuma,16.0,(0000): Comunicação Ok.,
39531,2025-04-08 02:55:26,68081.0,0.0,91.11,169.0,286.0,23.0,271.0,00.00.00.00,BD3043,Val,Nenhuma,16.0,(0000): Comunicação Ok.,
39531,2025-04-08 02:25:18,68081.0,0.0,91.11,169.0,286.0,23.0,271.0,00.00.00.00,BD3043,Val,Nenhuma,16.0,(0000): Comunicação Ok.,
39531,2025-04-08 01:54:44,68081.0,0.0,91.11,169.0,286.0,23.0,271.0,00.00.00.00,BD3043,Val,Nenhuma,16.0,(0000): Comunicação Ok.,
39531,2025-04-08 01:23:23,68081.0,0.0,91.11,169.0,286.0,23.0,271.0,00.00.00.00,BD3043,Val,Nenhuma,16.0,(0000): Comunicação Ok.,
39531,2025-04-08 00:53:07,68081.0,0.0,91.11,169.0,286.0,23.0,271.0,00.00.00.00,BD3043,Val,Nenhuma,16.0,(0000): Comunicação Ok.,
39531,2025-04-08 00:23:12,68081.0,0.0,91.11,169.0,286.0,23.0,271.0,00.00.00.00,BD3043,Val,Nenhuma,16.0,(0000): Comunicação Ok.,
39532,2025-04-08 04:10:28,66840.0,0.0,91.11,169.0,286.0,23.0,271.0,00.00.00.00,LOCAL,Val,Nenhuma,16.0,(0000): Comunicação Ok.,
39532,2025-04-08 03:39:55,66840.0,0.0,91.11,169.0,286.0,23.0,271.0,00.00.00.00,LOCAL,Val,Nenhuma,17.0,(0000): Comunicação Ok.,
39532,2025-04-08 03:09:22,66840.0,0.0,91.11,169.0,286.0,23.0,271.0,00.00.00.00,LOCAL,Val,Nenhuma,17.0,(0000): Comunicação Ok.,
39532,2025-04-08 02:40:03,66840.0,0.0,91.11,169.0,286.0,23.0,271.0,00.00.00.00,LOCAL,Val,Nenhuma,16.0,(0000): Comunicação Ok.,
39532,2025-04-08 02:08:42,66840.0,0.0,91.11,169.0,286.0,23.0,271.0,00.00.00.00,LOCAL,Val,Nenhuma,16.0,(0000): Comunicação Ok.,
39532,2025-04-08 01:38:47,66840.0,0.0,91.11,169.0,286.0,23.0,271.0,00.00.00.00,LOCAL,Val,Nenhuma,16.0,(0000): Comunicação Ok.,
39532,2025-04-08 01:08:42,66840.0,0.0,91.11,169.0,286.0,23.0,271.0,00.00.00.00,LOCAL,Val,Nenhuma,16.0,(0000): Comunicação Ok.,
39532,2025-04-08 00:38:36,66840.0,0.0,91.11,169.0,286.0,23.0,271.0,00.00.00.00,LOCAL,Val,Nenhuma,16.0,(0000): Comunicação Ok.,
39532,2025-04-08 00:08:07,66840.0,0.0,91.11,169.0,286.0,23.0,271.0,00.00.00.00,LOCAL,Val,Nenhuma,16.0,(0000): Comunicação Ok.,
39535,2025-04-09 04:52:20,66204.0,0.0,91.11,169.0,286.0,23.0,271.0,00.00.00.00,LOCAL,Val,Nenhuma,17.0,(0000): Comunicação Ok.,
39535,2025-04-09 04:23:13,66204.0,0.0,91.11,169.0,286.0,23.0,271.0,00.00.00.00,LOCAL,Val,Nenhuma,16.0,(0000): Comunicação Ok.,
39535,2025-04-09 03:52:41,66204.0,0.0,91.11,169.0,286.0,23.0,271.0,00.00.00.00,LOCAL,Val,Nenhuma,17.0,(0000): Comunicação Ok.,
39535,2025-04-09 03:22:09,66204.0,0.0,91.11,169.0,286.0,23.0,271.0,00.00.00.00,LOCAL,Val,Nenhuma,16.0,(0000): Comunicação Ok.,
39535,2025-04-09 02:51:35,66204.0,0.0,91.11,169.0,286.0,23.0,271.0,00.00.00.00,LOCAL,Val,Nenhuma,16.0,(0000): Comunicação Ok.,
39535,2025-04-09 02:21:41,66204.0,0.0,91.11,169.0,286.0,23.0,271.0,00.00.00.00,LOCAL,Val,Nenhuma,16.0,(0000): Comunicação Ok.,
39535,2025-04-09 01:50:19,66204.0,0.0,91.11,169.0,286.0,23.0,271.0,00.00.00.00,LOCAL,Val,Nenhuma,17.0,(0000): Comunicação Ok.,
39535,2025-04-09 01:19:47,66204.0,0.0,91.11,169.0,286.0,23.0,271.0,00.00.00.00,LOCAL,Val,Nenhuma,17.0,(0000): Comunicação Ok.,
39535,2025-04-09 00:49:50,66204.0,0.0,91.11,169.0,286.0,23.0,271.0,00.00.00.00,LOCAL,Val,Nenhuma,17.0,(0000): Comunicação Ok.,
39535,2025-04-09 00:19:44,66204.0,0.0,91.11,169.0,286.0,23.0,271.0,00.00.00.00,LOCAL,Val,Nenhuma,17.0,(0000): Comunicação Ok.,
39535,2025-04-08 23:48:44,66204.0,0.0,91.11,169.0,286.0,23.0,271.0,00.00.00.00,LOCAL,Val,Nenhuma,16.0,(0000): Comunicação Ok.,
39535,2025-04-08 23:18:36,66204.0,0.0,91.11,169.0,286.0,23.0,271.0,00.00.00.00,LOCAL,Val,Nenhuma,16.0,(0000): Comunicação Ok.,
39535,2025-04-08 22:48:03,66204.0,0.0,91.11,169.0,286.0,23.0,271.0,00.00.00.00,LOCAL,Val,Nenhuma,19.0,(0000): Comunicação Ok.,
39535,2025-04-08 22:17:52,66204.0,0.0,91.11,169.0,286.0,23.0,271.0,00.00.00.00,LOCAL,Val,Nenhuma,20.0,(0000): Comunicação Ok.,
39535,2025-04-08 04:14:04,66204.0,0.0,91.11,169.0,286.0,23.0,271.0,00.00.00.00,LOCAL,Val,Nenhuma,16.0,(0000): Comunicação Ok.,
39535,2025-04-08 03:44:57,66204.0,0.0,91.11,169.0,286.0,23.0,271.0,00.00.00.00,LOCAL,Val,Nenhuma,16.0,(0000): Comunicação Ok.,
39535,2025-04-08 03:12:35,66204.0,0.0,91.11,169.0,286.0,23.0,271.0,00.00.00.00,LOCAL,Val,Nenhuma,17.0,(0000): Comunicação Ok.,
39535,2025-04-08 02:43:16,66204.0,0.0,91.11,169.0,286.0,23.0,271.0,00.00.00.00,LOCAL,Val,Nenhuma,16.0,(0000): Comunicação Ok.,
39535,2025-04-08 02:11:54,66204.0,0.0,91.11,169.0,286.0,23.0,271.0,00.00.00.00,LOCAL,Val,Nenhuma,17.0,(0000): Comunicação Ok.,
39535,2025-04-08 01:41:58,66204.0,0.0,91.11,169.0,286.0,23.0,271.0,00.00.00.00,LOCAL,Val,Nenhuma,16.0,(0000): Comunicação Ok.,
39535,2025-04-08 01:11:53,66204.0,0.0,91.11,169.0,286.0,23.0,271.0,00.00.00.00,LOCAL,Val,Nenhuma,16.0,(0000): Comunicação Ok.,
39535,2025-04-08 00:41:21,66204.0,0.0,91.11,169.0,286.0,23.0,271.0,00.00.00.00,LOCAL,Val,Nenhuma,16.0,(0000): Comunicação Ok.,
39535,2025-04-08 00:10:52,66204.0,0.0,91.11,169.0,286.0,23.0,271.0,00.00.00.00,LOCAL,Val,Nenhuma,16.0,(0000): Comunicação Ok.,
39536,2025-04-09 04:45:47,66234.0,0.0,91.11,169.0,286.0,23.0,271.0,00.00.00.00,LOCAL,Val,Nenhuma,16.0,(0000): Comunicação Ok.,
39536,2025-04-08 04:53:39,66234.0,0.0,91.11,169.0,286.0,23.0,271.0,00.00.00.00,LOCAL,Val,Nenhuma,18.0,(0000): Comunicação Ok.,
39536,2025-04-08 04:22:15,66234.0,0.0,91.11,169.0,286.0,23.0,271.0,00.00.00.00,LOCAL,Val,Nenhuma,16.0,(0000): Comunicação Ok.,
39536,2025-04-08 03:53:08,66234.0,0.0,91.11,169.0,286.0,23.0,271.0,00.00.00.00,LOCAL,Val,Nenhuma,16.0,(0000): Comunicação Ok.,
39536,2025-04-08 03:22:36,66234.0,0.0,91.11,169.0,286.0,23.0,271.0,00.00.00.00,LOCAL,Val,Nenhuma,17.0,(0000): Comunicação Ok.,
39536,2025-04-08 02:52:03,66234.0,0.0,91.11,169.0,286.0,23.0,271.0,00.00.00.00,LOCAL,Val,Nenhuma,16.0,(0000): Comunicação Ok.,
39536,2025-04-08 02:21:54,66234.0,0.0,91.11,169.0,286.0,23.0,271.0,00.00.00.00,LOCAL,Val,Nenhuma,16.0,(0000): Comunicação Ok.,
39536,2025-04-08 01:51:22,66234.0,0.0,91.11,169.0,286.0,23.0,271.0,00.00.00.00,LOCAL,Val,Nenhuma,16.0,(0000): Comunicação Ok.,
39536,2025-04-08 01:20:02,66234.0,0.0,91.11,169.0,286.0,23.0,271.0,00.00.00.00,LOCAL,Val,Nenhuma,16.0,(0000): Comunicação Ok.,
39536,2025-04-08 00:49:47,66234.0,0.0,91.11,169.0,286.0,23.0,271.0,00.00.00.00,LOCAL,Val,Nenhuma,16.0,(0000): Comunicação Ok.,
39536,2025-04-08 00:19:51,66234.0,0.0,91.11,169.0,286.0,23.0,271.0,00.00.00.00,LOCAL,Val,Nenhuma,22.0,(0000): Comunicação Ok.,
39539,2025-04-09 05:39:05,67234.0,0.0,91.11,169.0,286.0,23.0,271.0,00.00.00.00,LOCAL,Val,Nenhuma,16.0,(0000): Comunicação Ok.,
39539,2025-04-09 05:08:48,67234.0,0.0,91.11,169.0,286.0,23.0,271.0,00.00.00.00,LOCAL,Val,Nenhuma,16.0,(0000): Comunicação Ok.,
39539,2025-04-09 04:38:53,67234.0,0.0,91.11,169.0,286.0,23.0,271.0,00.00.00.00,LOCAL,Val,Nenhuma,16.0,(0000): Comunicação Ok.,
39539,2025-04-09 04:08:20,67234.0,0.0,91.11,169.0,286.0,23.0,271.0,00.00.00.00,LOCAL,Val,Nenhuma,16.0,(0000): Comunicação Ok.,
39539,2025-04-09 03:37:48,67234.0,0.0,91.11,169.0,286.0,23.0,271.0,00.00.00.00,LOCAL,Val,Nenhuma,16.0,(0000): Comunicação Ok.,
39539,2025-04-09 03:06:49,67234.0,0.0,91.11,169.0,286.0,23.0,271.0,00.00.00.00,LOCAL,Val,Nenhuma,16.0,(0000): Comunicação Ok.,
39539,2025-04-09 02:36:54,67234.0,0.0,91.11,169.0,286.0,23.0,271.0,00.00.00.00,LOCAL,Val,Nenhuma,16.0,(0000): Comunicação Ok.,
39539,2025-04-09 02:06:22,67234.0,0.0,91.11,169.0,286.0,23.0,271.0,00.00.00.00,LOCAL,Val,Nenhuma,16.0,(0000): Comunicação Ok.,
39539,2025-04-09 01:36:27,67234.0,0.0,91.11,169.0,286.0,23.0,271.0,00.00.00.00,LOCAL,Val,Nenhuma,17.0,(0000): Comunicação Ok.,
39539,2025-04-09 01:06:31,67234.0,0.0,91.11,169.0,286.0,23.0,271.0,00.00.00.00,LOCAL,Val,Nenhuma,17.0,(0000): Comunicação Ok.,
39539,2025-04-09 00:35:47,67234.0,0.0,91.11,169.0,286.0,23.0,271.0,00.00.00.00,LOCAL,Val,Nenhuma,16.0,(0000): Comunicação Ok.,
39539,2025-04-09 00:04:57,67234.0,0.0,91.11,169.0,286.0,23.0,271.0,00.00.00.00,LOCAL,Val,Nenhuma,17.0,(0000): Comunicação Ok.,
39539,2025-04-08 23:34:13,67234.0,0.0,91.11,169.0,286.0,23.0,271.0,00.00.00.00,LOCAL,Val,Nenhuma,16.0,(0000): Comunicação Ok.,
39539,2025-04-08 23:04:17,67234.0,0.0,91.11,169.0,286.0,23.0,271.0,00.00.00.00,LOCAL,Val,Nenhuma,17.0,(0000): Comunicação Ok.,
39539,2025-04-08 22:33:43,67234.0,0.0,91.11,169.0,286.0,23.0,271.0,00.00.00.00,LOCAL,Val,Nenhuma,18.0,(0000): Comunicação Ok.,
39539,2025-04-08 04:51:19,67234.0,0.0,91.11,169.0,286.0,23.0,271.0,00.00.00.00,LOCAL,Val,Nenhuma,16.0,(0000): Comunicação Ok.,
39539,2025-04-08 04:19:57,67234.0,0.0,91.11,169.0,286.0,23.0,271.0,00.00.00.00,LOCAL,Val,Nenhuma,16.0,(0000): Comunicação Ok.,
39539,2025-04-08 03:50:49,67234.0,0.0,91.11,169.0,286.0,23.0,271.0,00.00.00.00,LOCAL,Val,Nenhuma,16.0,(0000): Comunicação Ok.,
39539,2025-04-08 03:20:17,67234.0,0.0,91.11,169.0,286.0,23.0,271.0,00.00.00.00,LOCAL,Val,Nenhuma,16.0,(0000): Comunicação Ok.,
39539,2025-04-08 02:49:44,67234.0,0.0,91.11,169.0,286.0,23.0,271.0,00.00.00.00,LOCAL,Val,Nenhuma,16.0,(0000): Comunicação Ok.,
39539,2025-04-08 02:19:36,67234.0,0.0,91.11,169.0,286.0,23.0,271.0,00.00.00.00,LOCAL,Val,Nenhuma,16.0,(0000): Comunicação Ok.,
39539,2025-04-08 01:49:02,67234.0,0.0,91.11,169.0,286.0,23.0,271.0,00.00.00.00,LOCAL,Val,Nenhuma,16.0,(0000): Comunicação Ok.,
39539,2025-04-08 01:17:41,67234.0,0.0,91.11,169.0,286.0,23.0,271.0,00.00.00.00,LOCAL,Val,Nenhuma,16.0,(0000): Comunicação Ok.,
39539,2025-04-08 00:46:58,67234.0,0.0,91.11,169.0,286.0,23.0,271.0,00.00.00.00,LOCAL,Val,Nenhuma,16.0,(0000): Comunicação Ok.,
39539,2025-04-08 00:17:04,67234.0,0.0,91.11,169.0,286.0,23.0,271.0,00.00.00.00,LOCAL,Val,Nenhuma,16.0,(0000): Comunicação Ok.,
39540,2025-04-09 06:42:17,68261.0,0.0,91.11,169.0,286.0,23.0,271.0,00.00.00.00,LOCAL,Val,Nenhuma,17.0,(0000): Comunicação Ok.,
39540,2025-04-09 06:11:55,68261.0,0.0,91.11,169.0,286.0,23.0,271.0,00.00.00.00,LOCAL,Val,Nenhuma,16.0,(0000): Comunicação Ok.,
39540,2025-04-09 05:41:34,68261.0,0.0,91.11,169.0,286.0,23.0,271.0,00.00.00.00,LOCAL,Val,Nenhuma,17.0,(0000): Comunicação Ok.,
39540,2025-04-09 05:11:16,68261.0,0.0,91.11,169.0,286.0,23.0,271.0,00.00.00.00,LOCAL,Val,Nenhuma,16.0,(0000): Comunicação Ok.,
39540,2025-04-09 04:41:21,68261.0,0.0,91.11,169.0,286.0,23.0,271.0,00.00.00.00,LOCAL,Val,Nenhuma,16.0,(0000): Comunicação Ok.,
39540,2025-04-09 04:10:48,68261.0,0.0,91.11,169.0,286.0,23.0,271.0,00.00.00.00,LOCAL,Val,Nenhuma,16.0,(0000): Comunicação Ok.,
39540,2025-04-09 03:40:16,68261.0,0.0,91.11,169.0,286.0,23.0,271.0,00.00.00.00,LOCAL,Val,Nenhuma,17.0,(0000): Comunicação Ok.,
39540,2025-04-09 03:09:43,68261.0,0.0,91.11,169.0,286.0,23.0,271.0,00.00.00.00,LOCAL,Val,Nenhuma,16.0,(0000): Comunicação Ok.,
39540,2025-04-09 02:39:48,68261.0,0.0,91.11,169.0,286.0,23.0,271.0,00.00.00.00,LOCAL,Val,Nenhuma,17.0,(0000): Comunicação Ok.,
39540,2025-04-09 02:09:15,68261.0,0.0,91.11,169.0,286.0,23.0,271.0,00.00.00.00,LOCAL,Val,Nenhuma,17.0,(0000): Comunicação Ok.,
39540,2025-04-09 01:39:20,68261.0,0.0,91.11,169.0,286.0,23.0,271.0,00.00.00.00,LOCAL,Val,Nenhuma,17.0,(0000): Comunicação Ok.,
39540,2025-04-09 01:09:25,68261.0,0.0,91.11,169.0,286.0,23.0,271.0,00.00.00.00,LOCAL,Val,Nenhuma,16.0,(0000): Comunicação Ok.,
39540,2025-04-09 00:38:41,68261.0,0.0,91.11,169.0,286.0,23.0,271.0,00.00.00.00,LOCAL,Val,Nenhuma,16.0,(0000): Comunicação Ok.,
39540,2025-04-09 00:07:51,68261.0,0.0,91.11,169.0,286.0,23.0,271.0,00.00.00.00,LOCAL,Val,Nenhuma,17.0,(0000): Comunicação Ok.,
39540,2025-04-08 23:37:33,68261.0,0.0,91.11,169.0,286.0,23.0,271.0,00.00.00.00,LOCAL,Val,Nenhuma,17.0,(0000): Comunicação Ok.,
39540,2025-04-08 23:07:38,68261.0,0.0,91.11,169.0,286.0,23.0,271.0,00.00.00.00,LOCAL,Val,Nenhuma,17.0,(0000): Comunicação Ok.,
39540,2025-04-08 22:37:04,68261.0,0.0,91.11,169.0,286.0,23.0,271.0,00.00.00.00,LOCAL,Val,Nenhuma,17.0,(0000): Comunicação Ok.,
39540,2025-04-08 22:06:44,68261.0,0.0,91.11,169.0,286.0,23.0,271.0,00.00.00.00,LOCAL,Val,Nenhuma,17.0,(0000): Comunicação Ok.,
39540,2025-04-08 21:36:49,68261.0,0.0,91.11,169.0,286.0,23.0,271.0,00.00.00.00,LOCAL,Val,Nenhuma,16.0,(0000): Comunicação Ok.,
39540,2025-04-08 21:05:43,68261.0,0.0,91.11,169.0,286.0,23.0,271.0,00.00.00.00,LOCAL,Val,Nenhuma,19.0,(0000): Comunicação Ok.,
39540,2025-04-08 20:35:04,68261.0,0.0,91.11,169.0,286.0,23.0,271.0,00.00.00.00,LOCAL,Val,Nenhuma,17.0,(0000): Comunicação Ok.,
39540,2025-04-08 20:04:46,68261.0,0.0,91.11,169.0,286.0,23.0,271.0,00.00.00.00,LOCAL,Val,Nenhuma,16.0,(0000): Comunicação Ok.,
39540,2025-04-08 19:34:52,68261.0,0.0,91.11,169.0,286.0,23.0,271.0,00.00.00.00,LOCAL,Val,Nenhuma,16.0,(0000): Comunicação Ok.,
39540,2025-04-08 19:04:09,68261.0,0.0,91.11,169.0,286.0,23.0,271.0,00.00.00.00,LOCAL,Val,Nenhuma,18.0,(0000): Comunicação Ok.,
39540,2025-04-08 18:34:12,68261.0,0.0,91.11,169.0,286.0,23.0,271.0,00.00.00.00,LOCAL,Val,Nenhuma,16.0,(0000): Comunicação Ok.,
39540,2025-04-08 18:04:04,68261.0,0.0,91.11,169.0,286.0,23.0,271.0,00.00.00.00,LOCAL,Val,Nenhuma,17.0,(0000): Comunicação Ok.,
39540,2025-04-08 17:32:42,68261.0,0.0,91.11,169.0,286.0,23.0,271.0,00.00.00.00,LOCAL,Val,Nenhuma,17.0,(0000): Comunicação Ok.,
39540,2025-04-08 17:02:46,68261.0,0.0,91.11,169.0,286.0,23.0,271.0,00.00.00.00,LOCAL,Val,Nenhuma,16.0,(0000): Comunicação Ok.,
39540,2025-04-08 16:32:13,68261.0,0.0,91.11,169.0,286.0,23.0,271.0,00.00.00.00,LOCAL,Val,Nenhuma,17.0,(0000): Comunicação Ok.,
39540,2025-04-08 16:01:39,68261.0,0.0,91.11,169.0,286.0,23.0,271.0,00.00.00.00,LOCAL,Val,Nenhuma,17.0,(0000): Comunicação Ok.,
39540,2025-04-08 15:31:31,68261.0,0.0,91.11,169.0,286.0,23.0,271.0,00.00.00.00,LOCAL,Val,Nenhuma,16.0,(0000): Comunicação Ok.,
39540,2025-04-08 15:00:57,68261.0,0.0,91.11,169.0,286.0,23.0,271.0,00.00.00.00,LOCAL,Val,Nenhuma,18.0,(0000): Comunicação Ok.,
39542,2025-04-08 04:25:38,66581.0,0.0,91.11,169.0,286.0,23.0,271.0,00.00.00.00,LOCAL,Val,Nenhuma,17.0,(0000): Comunicação Ok.,
39542,2025-04-08 03:56:31,66581.0,0.0,91.11,169.0,286.0,23.0,271.0,00.00.00.00,LOCAL,Val,Nenhuma,17.0,(0000): Comunicação Ok.,
39542,2025-04-08 03:25:58,66581.0,0.0,91.11,169.0,286.0,23.0,271.0,00.00.00.00,LOCAL,Val,Nenhuma,17.0,(0000): Comunicação Ok.,
39542,2025-04-08 02:55:24,66581.0,0.0,91.11,169.0,286.0,23.0,271.0,00.00.00.00,LOCAL,Val,Nenhuma,17.0,(0000): Comunicação Ok.,
39542,2025-04-08 02:25:16,66581.0,0.0,91.11,169.0,286.0,23.0,271.0,00.00.00.00,LOCAL,Val,Nenhuma,17.0,(0000): Comunicação Ok.,
39542,2025-04-08 01:54:43,66581.0,0.0,91.11,169.0,286.0,23.0,271.0,00.00.00.00,LOCAL,Val,Nenhuma,16.0,(0000): Comunicação Ok.,
39542,2025-04-08 01:23:23,66581.0,0.0,91.11,169.0,286.0,23.0,271.0,00.00.00.00,LOCAL,Val,Nenhuma,16.0,(0000): Comunicação Ok.,
39542,2025-04-08 00:53:06,66581.0,0.0,91.11,169.0,286.0,23.0,271.0,00.00.00.00,LOCAL,Val,Nenhuma,17.0,(0000): Comunicação Ok.,
39542,2025-04-08 00:23:11,66581.0,0.0,91.11,169.0,286.0,23.0,271.0,00.00.00.00,LOCAL,Val,Nenhuma,17.0,(0000): Comunicação Ok.,
400147,2025-04-08 21:52:08,67623.0,0.0,91.11,169.0,286.0,23.0,271.0,00.00.00.00,LOCAL,Val,Nenhuma,2.0,(1026): Ocorreu um erro ao abrir um arquivo.,
400147,2025-04-08 21:51:06,67623.0,0.0,91.11,169.0,286.0,23.0,271.0,00.00.00.00,LOCAL,Val,Nenhuma,2.0,(1026): Ocorreu um erro ao abrir um arquivo.,
